,IdFeedBack
0,S01_Sess01_FB001
1,S01_Sess01_FB002
2,S01_Sess01_FB003
3,S01_Sess01_FB004
4,S01_Sess01_FB005
5,S01_Sess01_FB006
6,S01_Sess01_FB007
7,S01_Sess01_FB008
8,S01_Sess01_FB009
9,S01_Sess01_FB010
10,S01_Sess01_FB011
11,S01_Sess01_FB012
12,S01_Sess01_FB013
13,S01_Sess01_FB014
14,S01_Sess01_FB015
15,S01_Sess01_FB016
16,S01_Sess01_FB017
17,S01_Sess01_FB018
18,S01_Sess01_FB019
19,S01_Sess01_FB020
20,S01_Sess01_FB021
21,S01_Sess01_FB022
22,S01_Sess01_FB023
23,S01_Sess01_FB024
24,S01_Sess01_FB025
25,S01_Sess01_FB026
26,S01_Sess01_FB027
27,S01_Sess01_FB028
28,S01_Sess01_FB029
29,S01_Sess01_FB030
30,S01_Sess01_FB031
31,S01_Sess01_FB032
32,S01_Sess01_FB033
33,S01_Sess01_FB034
34,S01_Sess01_FB035
35,S01_Sess01_FB036
36,S01_Sess01_FB037
37,S01_Sess01_FB038
38,S01_Sess01_FB039
39,S01_Sess01_FB040
40,S01_Sess01_FB041
41,S01_Sess01_FB042
42,S01_Sess01_FB043
43,S01_Sess01_FB044
44,S01_Sess01_FB045
45,S01_Sess01_FB046
46,S01_Sess01_FB047
47,S01_Sess01_FB048
48,S01_Sess01_FB049
49,S01_Sess01_FB050
50,S01_Sess01_FB051
51,S01_Sess01_FB052
52,S01_Sess01_FB053
53,S01_Sess01_FB054
54,S01_Sess01_FB055
55,S01_Sess01_FB056
56,S01_Sess01_FB057
57,S01_Sess01_FB058
58,S01_Sess01_FB059
59,S01_Sess01_FB060
60,S01_Sess02_FB001
61,S01_Sess02_FB002
62,S01_Sess02_FB003
63,S01_Sess02_FB004
64,S01_Sess02_FB005
65,S01_Sess02_FB006
66,S01_Sess02_FB007
67,S01_Sess02_FB008
68,S01_Sess02_FB009
69,S01_Sess02_FB010
70,S01_Sess02_FB011
71,S01_Sess02_FB012
72,S01_Sess02_FB013
73,S01_Sess02_FB014
74,S01_Sess02_FB015
75,S01_Sess02_FB016
76,S01_Sess02_FB017
77,S01_Sess02_FB018
78,S01_Sess02_FB019
79,S01_Sess02_FB020
80,S01_Sess02_FB021
81,S01_Sess02_FB022
82,S01_Sess02_FB023
83,S01_Sess02_FB024
84,S01_Sess02_FB025
85,S01_Sess02_FB026
86,S01_Sess02_FB027
87,S01_Sess02_FB028
88,S01_Sess02_FB029
89,S01_Sess02_FB030
90,S01_Sess02_FB031
91,S01_Sess02_FB032
92,S01_Sess02_FB033
93,S01_Sess02_FB034
94,S01_Sess02_FB035
95,S01_Sess02_FB036
96,S01_Sess02_FB037
97,S01_Sess02_FB038
98,S01_Sess02_FB039
99,S01_Sess02_FB040
100,S01_Sess02_FB041
101,S01_Sess02_FB042
102,S01_Sess02_FB043
103,S01_Sess02_FB044
104,S01_Sess02_FB045
105,S01_Sess02_FB046
106,S01_Sess02_FB047
107,S01_Sess02_FB048
108,S01_Sess02_FB049
109,S01_Sess02_FB050
110,S01_Sess02_FB051
111,S01_Sess02_FB052
112,S01_Sess02_FB053
113,S01_Sess02_FB054
114,S01_Sess02_FB055
115,S01_Sess02_FB056
116,S01_Sess02_FB057
117,S01_Sess02_FB058
118,S01_Sess02_FB059
119,S01_Sess02_FB060
120,S01_Sess03_FB001
121,S01_Sess03_FB002
122,S01_Sess03_FB003
123,S01_Sess03_FB004
124,S01_Sess03_FB005
125,S01_Sess03_FB006
126,S01_Sess03_FB007
127,S01_Sess03_FB008
128,S01_Sess03_FB009
129,S01_Sess03_FB010
130,S01_Sess03_FB011
131,S01_Sess03_FB012
132,S01_Sess03_FB013
133,S01_Sess03_FB014
134,S01_Sess03_FB015
135,S01_Sess03_FB016
136,S01_Sess03_FB017
137,S01_Sess03_FB018
138,S01_Sess03_FB019
139,S01_Sess03_FB020
140,S01_Sess03_FB021
141,S01_Sess03_FB022
142,S01_Sess03_FB023
143,S01_Sess03_FB024
144,S01_Sess03_FB025
145,S01_Sess03_FB026
146,S01_Sess03_FB027
147,S01_Sess03_FB028
148,S01_Sess03_FB029
149,S01_Sess03_FB030
150,S01_Sess03_FB031
151,S01_Sess03_FB032
152,S01_Sess03_FB033
153,S01_Sess03_FB034
154,S01_Sess03_FB035
155,S01_Sess03_FB036
156,S01_Sess03_FB037
157,S01_Sess03_FB038
158,S01_Sess03_FB039
159,S01_Sess03_FB040
160,S01_Sess03_FB041
161,S01_Sess03_FB042
162,S01_Sess03_FB043
163,S01_Sess03_FB044
164,S01_Sess03_FB045
165,S01_Sess03_FB046
166,S01_Sess03_FB047
167,S01_Sess03_FB048
168,S01_Sess03_FB049
169,S01_Sess03_FB050
170,S01_Sess03_FB051
171,S01_Sess03_FB052
172,S01_Sess03_FB053
173,S01_Sess03_FB054
174,S01_Sess03_FB055
175,S01_Sess03_FB056
176,S01_Sess03_FB057
177,S01_Sess03_FB058
178,S01_Sess03_FB059
179,S01_Sess03_FB060
180,S01_Sess04_FB001
181,S01_Sess04_FB002
182,S01_Sess04_FB003
183,S01_Sess04_FB004
184,S01_Sess04_FB005
185,S01_Sess04_FB006
186,S01_Sess04_FB007
187,S01_Sess04_FB008
188,S01_Sess04_FB009
189,S01_Sess04_FB010
190,S01_Sess04_FB011
191,S01_Sess04_FB012
192,S01_Sess04_FB013
193,S01_Sess04_FB014
194,S01_Sess04_FB015
195,S01_Sess04_FB016
196,S01_Sess04_FB017
197,S01_Sess04_FB018
198,S01_Sess04_FB019
199,S01_Sess04_FB020
200,S01_Sess04_FB021
201,S01_Sess04_FB022
202,S01_Sess04_FB023
203,S01_Sess04_FB024
204,S01_Sess04_FB025
205,S01_Sess04_FB026
206,S01_Sess04_FB027
207,S01_Sess04_FB028
208,S01_Sess04_FB029
209,S01_Sess04_FB030
210,S01_Sess04_FB031
211,S01_Sess04_FB032
212,S01_Sess04_FB033
213,S01_Sess04_FB034
214,S01_Sess04_FB035
215,S01_Sess04_FB036
216,S01_Sess04_FB037
217,S01_Sess04_FB038
218,S01_Sess04_FB039
219,S01_Sess04_FB040
220,S01_Sess04_FB041
221,S01_Sess04_FB042
222,S01_Sess04_FB043
223,S01_Sess04_FB044
224,S01_Sess04_FB045
225,S01_Sess04_FB046
226,S01_Sess04_FB047
227,S01_Sess04_FB048
228,S01_Sess04_FB049
229,S01_Sess04_FB050
230,S01_Sess04_FB051
231,S01_Sess04_FB052
232,S01_Sess04_FB053
233,S01_Sess04_FB054
234,S01_Sess04_FB055
235,S01_Sess04_FB056
236,S01_Sess04_FB057
237,S01_Sess04_FB058
238,S01_Sess04_FB059
239,S01_Sess04_FB060
240,S01_Sess05_FB001
241,S01_Sess05_FB002
242,S01_Sess05_FB003
243,S01_Sess05_FB004
244,S01_Sess05_FB005
245,S01_Sess05_FB006
246,S01_Sess05_FB007
247,S01_Sess05_FB008
248,S01_Sess05_FB009
249,S01_Sess05_FB010
250,S01_Sess05_FB011
251,S01_Sess05_FB012
252,S01_Sess05_FB013
253,S01_Sess05_FB014
254,S01_Sess05_FB015
255,S01_Sess05_FB016
256,S01_Sess05_FB017
257,S01_Sess05_FB018
258,S01_Sess05_FB019
259,S01_Sess05_FB020
260,S01_Sess05_FB021
261,S01_Sess05_FB022
262,S01_Sess05_FB023
263,S01_Sess05_FB024
264,S01_Sess05_FB025
265,S01_Sess05_FB026
266,S01_Sess05_FB027
267,S01_Sess05_FB028
268,S01_Sess05_FB029
269,S01_Sess05_FB030
270,S01_Sess05_FB031
271,S01_Sess05_FB032
272,S01_Sess05_FB033
273,S01_Sess05_FB034
274,S01_Sess05_FB035
275,S01_Sess05_FB036
276,S01_Sess05_FB037
277,S01_Sess05_FB038
278,S01_Sess05_FB039
279,S01_Sess05_FB040
280,S01_Sess05_FB041
281,S01_Sess05_FB042
282,S01_Sess05_FB043
283,S01_Sess05_FB044
284,S01_Sess05_FB045
285,S01_Sess05_FB046
286,S01_Sess05_FB047
287,S01_Sess05_FB048
288,S01_Sess05_FB049
289,S01_Sess05_FB050
290,S01_Sess05_FB051
291,S01_Sess05_FB052
292,S01_Sess05_FB053
293,S01_Sess05_FB054
294,S01_Sess05_FB055
295,S01_Sess05_FB056
296,S01_Sess05_FB057
297,S01_Sess05_FB058
298,S01_Sess05_FB059
299,S01_Sess05_FB060
300,S01_Sess05_FB061
301,S01_Sess05_FB062
302,S01_Sess05_FB063
303,S01_Sess05_FB064
304,S01_Sess05_FB065
305,S01_Sess05_FB066
306,S01_Sess05_FB067
307,S01_Sess05_FB068
308,S01_Sess05_FB069
309,S01_Sess05_FB070
310,S01_Sess05_FB071
311,S01_Sess05_FB072
312,S01_Sess05_FB073
313,S01_Sess05_FB074
314,S01_Sess05_FB075
315,S01_Sess05_FB076
316,S01_Sess05_FB077
317,S01_Sess05_FB078
318,S01_Sess05_FB079
319,S01_Sess05_FB080
320,S01_Sess05_FB081
321,S01_Sess05_FB082
322,S01_Sess05_FB083
323,S01_Sess05_FB084
324,S01_Sess05_FB085
325,S01_Sess05_FB086
326,S01_Sess05_FB087
327,S01_Sess05_FB088
328,S01_Sess05_FB089
329,S01_Sess05_FB090
330,S01_Sess05_FB091
331,S01_Sess05_FB092
332,S01_Sess05_FB093
333,S01_Sess05_FB094
334,S01_Sess05_FB095
335,S01_Sess05_FB096
336,S01_Sess05_FB097
337,S01_Sess05_FB098
338,S01_Sess05_FB099
339,S01_Sess05_FB100
340,S03_Sess01_FB001
341,S03_Sess01_FB002
342,S03_Sess01_FB003
343,S03_Sess01_FB004
344,S03_Sess01_FB005
345,S03_Sess01_FB006
346,S03_Sess01_FB007
347,S03_Sess01_FB008
348,S03_Sess01_FB009
349,S03_Sess01_FB010
350,S03_Sess01_FB011
351,S03_Sess01_FB012
352,S03_Sess01_FB013
353,S03_Sess01_FB014
354,S03_Sess01_FB015
355,S03_Sess01_FB016
356,S03_Sess01_FB017
357,S03_Sess01_FB018
358,S03_Sess01_FB019
359,S03_Sess01_FB020
360,S03_Sess01_FB021
361,S03_Sess01_FB022
362,S03_Sess01_FB023
363,S03_Sess01_FB024
364,S03_Sess01_FB025
365,S03_Sess01_FB026
366,S03_Sess01_FB027
367,S03_Sess01_FB028
368,S03_Sess01_FB029
369,S03_Sess01_FB030
370,S03_Sess01_FB031
371,S03_Sess01_FB032
372,S03_Sess01_FB033
373,S03_Sess01_FB034
374,S03_Sess01_FB035
375,S03_Sess01_FB036
376,S03_Sess01_FB037
377,S03_Sess01_FB038
378,S03_Sess01_FB039
379,S03_Sess01_FB040
380,S03_Sess01_FB041
381,S03_Sess01_FB042
382,S03_Sess01_FB043
383,S03_Sess01_FB044
384,S03_Sess01_FB045
385,S03_Sess01_FB046
386,S03_Sess01_FB047
387,S03_Sess01_FB048
388,S03_Sess01_FB049
389,S03_Sess01_FB050
390,S03_Sess01_FB051
391,S03_Sess01_FB052
392,S03_Sess01_FB053
393,S03_Sess01_FB054
394,S03_Sess01_FB055
395,S03_Sess01_FB056
396,S03_Sess01_FB057
397,S03_Sess01_FB058
398,S03_Sess01_FB059
399,S03_Sess01_FB060
400,S03_Sess02_FB001
401,S03_Sess02_FB002
402,S03_Sess02_FB003
403,S03_Sess02_FB004
404,S03_Sess02_FB005
405,S03_Sess02_FB006
406,S03_Sess02_FB007
407,S03_Sess02_FB008
408,S03_Sess02_FB009
409,S03_Sess02_FB010
410,S03_Sess02_FB011
411,S03_Sess02_FB012
412,S03_Sess02_FB013
413,S03_Sess02_FB014
414,S03_Sess02_FB015
415,S03_Sess02_FB016
416,S03_Sess02_FB017
417,S03_Sess02_FB018
418,S03_Sess02_FB019
419,S03_Sess02_FB020
420,S03_Sess02_FB021
421,S03_Sess02_FB022
422,S03_Sess02_FB023
423,S03_Sess02_FB024
424,S03_Sess02_FB025
425,S03_Sess02_FB026
426,S03_Sess02_FB027
427,S03_Sess02_FB028
428,S03_Sess02_FB029
429,S03_Sess02_FB030
430,S03_Sess02_FB031
431,S03_Sess02_FB032
432,S03_Sess02_FB033
433,S03_Sess02_FB034
434,S03_Sess02_FB035
435,S03_Sess02_FB036
436,S03_Sess02_FB037
437,S03_Sess02_FB038
438,S03_Sess02_FB039
439,S03_Sess02_FB040
440,S03_Sess02_FB041
441,S03_Sess02_FB042
442,S03_Sess02_FB043
443,S03_Sess02_FB044
444,S03_Sess02_FB045
445,S03_Sess02_FB046
446,S03_Sess02_FB047
447,S03_Sess02_FB048
448,S03_Sess02_FB049
449,S03_Sess02_FB050
450,S03_Sess02_FB051
451,S03_Sess02_FB052
452,S03_Sess02_FB053
453,S03_Sess02_FB054
454,S03_Sess02_FB055
455,S03_Sess02_FB056
456,S03_Sess02_FB057
457,S03_Sess02_FB058
458,S03_Sess02_FB059
459,S03_Sess02_FB060
460,S03_Sess03_FB001
461,S03_Sess03_FB002
462,S03_Sess03_FB003
463,S03_Sess03_FB004
464,S03_Sess03_FB005
465,S03_Sess03_FB006
466,S03_Sess03_FB007
467,S03_Sess03_FB008
468,S03_Sess03_FB009
469,S03_Sess03_FB010
470,S03_Sess03_FB011
471,S03_Sess03_FB012
472,S03_Sess03_FB013
473,S03_Sess03_FB014
474,S03_Sess03_FB015
475,S03_Sess03_FB016
476,S03_Sess03_FB017
477,S03_Sess03_FB018
478,S03_Sess03_FB019
479,S03_Sess03_FB020
480,S03_Sess03_FB021
481,S03_Sess03_FB022
482,S03_Sess03_FB023
483,S03_Sess03_FB024
484,S03_Sess03_FB025
485,S03_Sess03_FB026
486,S03_Sess03_FB027
487,S03_Sess03_FB028
488,S03_Sess03_FB029
489,S03_Sess03_FB030
490,S03_Sess03_FB031
491,S03_Sess03_FB032
492,S03_Sess03_FB033
493,S03_Sess03_FB034
494,S03_Sess03_FB035
495,S03_Sess03_FB036
496,S03_Sess03_FB037
497,S03_Sess03_FB038
498,S03_Sess03_FB039
499,S03_Sess03_FB040
500,S03_Sess03_FB041
501,S03_Sess03_FB042
502,S03_Sess03_FB043
503,S03_Sess03_FB044
504,S03_Sess03_FB045
505,S03_Sess03_FB046
506,S03_Sess03_FB047
507,S03_Sess03_FB048
508,S03_Sess03_FB049
509,S03_Sess03_FB050
510,S03_Sess03_FB051
511,S03_Sess03_FB052
512,S03_Sess03_FB053
513,S03_Sess03_FB054
514,S03_Sess03_FB055
515,S03_Sess03_FB056
516,S03_Sess03_FB057
517,S03_Sess03_FB058
518,S03_Sess03_FB059
519,S03_Sess03_FB060
520,S03_Sess04_FB001
521,S03_Sess04_FB002
522,S03_Sess04_FB003
523,S03_Sess04_FB004
524,S03_Sess04_FB005
525,S03_Sess04_FB006
526,S03_Sess04_FB007
527,S03_Sess04_FB008
528,S03_Sess04_FB009
529,S03_Sess04_FB010
530,S03_Sess04_FB011
531,S03_Sess04_FB012
532,S03_Sess04_FB013
533,S03_Sess04_FB014
534,S03_Sess04_FB015
535,S03_Sess04_FB016
536,S03_Sess04_FB017
537,S03_Sess04_FB018
538,S03_Sess04_FB019
539,S03_Sess04_FB020
540,S03_Sess04_FB021
541,S03_Sess04_FB022
542,S03_Sess04_FB023
543,S03_Sess04_FB024
544,S03_Sess04_FB025
545,S03_Sess04_FB026
546,S03_Sess04_FB027
547,S03_Sess04_FB028
548,S03_Sess04_FB029
549,S03_Sess04_FB030
550,S03_Sess04_FB031
551,S03_Sess04_FB032
552,S03_Sess04_FB033
553,S03_Sess04_FB034
554,S03_Sess04_FB035
555,S03_Sess04_FB036
556,S03_Sess04_FB037
557,S03_Sess04_FB038
558,S03_Sess04_FB039
559,S03_Sess04_FB040
560,S03_Sess04_FB041
561,S03_Sess04_FB042
562,S03_Sess04_FB043
563,S03_Sess04_FB044
564,S03_Sess04_FB045
565,S03_Sess04_FB046
566,S03_Sess04_FB047
567,S03_Sess04_FB048
568,S03_Sess04_FB049
569,S03_Sess04_FB050
570,S03_Sess04_FB051
571,S03_Sess04_FB052
572,S03_Sess04_FB053
573,S03_Sess04_FB054
574,S03_Sess04_FB055
575,S03_Sess04_FB056
576,S03_Sess04_FB057
577,S03_Sess04_FB058
578,S03_Sess04_FB059
579,S03_Sess04_FB060
580,S03_Sess05_FB001
581,S03_Sess05_FB002
582,S03_Sess05_FB003
583,S03_Sess05_FB004
584,S03_Sess05_FB005
585,S03_Sess05_FB006
586,S03_Sess05_FB007
587,S03_Sess05_FB008
588,S03_Sess05_FB009
589,S03_Sess05_FB010
590,S03_Sess05_FB011
591,S03_Sess05_FB012
592,S03_Sess05_FB013
593,S03_Sess05_FB014
594,S03_Sess05_FB015
595,S03_Sess05_FB016
596,S03_Sess05_FB017
597,S03_Sess05_FB018
598,S03_Sess05_FB019
599,S03_Sess05_FB020
600,S03_Sess05_FB021
601,S03_Sess05_FB022
602,S03_Sess05_FB023
603,S03_Sess05_FB024
604,S03_Sess05_FB025
605,S03_Sess05_FB026
606,S03_Sess05_FB027
607,S03_Sess05_FB028
608,S03_Sess05_FB029
609,S03_Sess05_FB030
610,S03_Sess05_FB031
611,S03_Sess05_FB032
612,S03_Sess05_FB033
613,S03_Sess05_FB034
614,S03_Sess05_FB035
615,S03_Sess05_FB036
616,S03_Sess05_FB037
617,S03_Sess05_FB038
618,S03_Sess05_FB039
619,S03_Sess05_FB040
620,S03_Sess05_FB041
621,S03_Sess05_FB042
622,S03_Sess05_FB043
623,S03_Sess05_FB044
624,S03_Sess05_FB045
625,S03_Sess05_FB046
626,S03_Sess05_FB047
627,S03_Sess05_FB048
628,S03_Sess05_FB049
629,S03_Sess05_FB050
630,S03_Sess05_FB051
631,S03_Sess05_FB052
632,S03_Sess05_FB053
633,S03_Sess05_FB054
634,S03_Sess05_FB055
635,S03_Sess05_FB056
636,S03_Sess05_FB057
637,S03_Sess05_FB058
638,S03_Sess05_FB059
639,S03_Sess05_FB060
640,S03_Sess05_FB061
641,S03_Sess05_FB062
642,S03_Sess05_FB063
643,S03_Sess05_FB064
644,S03_Sess05_FB065
645,S03_Sess05_FB066
646,S03_Sess05_FB067
647,S03_Sess05_FB068
648,S03_Sess05_FB069
649,S03_Sess05_FB070
650,S03_Sess05_FB071
651,S03_Sess05_FB072
652,S03_Sess05_FB073
653,S03_Sess05_FB074
654,S03_Sess05_FB075
655,S03_Sess05_FB076
656,S03_Sess05_FB077
657,S03_Sess05_FB078
658,S03_Sess05_FB079
659,S03_Sess05_FB080
660,S03_Sess05_FB081
661,S03_Sess05_FB082
662,S03_Sess05_FB083
663,S03_Sess05_FB084
664,S03_Sess05_FB085
665,S03_Sess05_FB086
666,S03_Sess05_FB087
667,S03_Sess05_FB088
668,S03_Sess05_FB089
669,S03_Sess05_FB090
670,S03_Sess05_FB091
671,S03_Sess05_FB092
672,S03_Sess05_FB093
673,S03_Sess05_FB094
674,S03_Sess05_FB095
675,S03_Sess05_FB096
676,S03_Sess05_FB097
677,S03_Sess05_FB098
678,S03_Sess05_FB099
679,S03_Sess05_FB100
680,S04_Sess01_FB001
681,S04_Sess01_FB002
682,S04_Sess01_FB003
683,S04_Sess01_FB004
684,S04_Sess01_FB005
685,S04_Sess01_FB006
686,S04_Sess01_FB007
687,S04_Sess01_FB008
688,S04_Sess01_FB009
689,S04_Sess01_FB010
690,S04_Sess01_FB011
691,S04_Sess01_FB012
692,S04_Sess01_FB013
693,S04_Sess01_FB014
694,S04_Sess01_FB015
695,S04_Sess01_FB016
696,S04_Sess01_FB017
697,S04_Sess01_FB018
698,S04_Sess01_FB019
699,S04_Sess01_FB020
700,S04_Sess01_FB021
701,S04_Sess01_FB022
702,S04_Sess01_FB023
703,S04_Sess01_FB024
704,S04_Sess01_FB025
705,S04_Sess01_FB026
706,S04_Sess01_FB027
707,S04_Sess01_FB028
708,S04_Sess01_FB029
709,S04_Sess01_FB030
710,S04_Sess01_FB031
711,S04_Sess01_FB032
712,S04_Sess01_FB033
713,S04_Sess01_FB034
714,S04_Sess01_FB035
715,S04_Sess01_FB036
716,S04_Sess01_FB037
717,S04_Sess01_FB038
718,S04_Sess01_FB039
719,S04_Sess01_FB040
720,S04_Sess01_FB041
721,S04_Sess01_FB042
722,S04_Sess01_FB043
723,S04_Sess01_FB044
724,S04_Sess01_FB045
725,S04_Sess01_FB046
726,S04_Sess01_FB047
727,S04_Sess01_FB048
728,S04_Sess01_FB049
729,S04_Sess01_FB050
730,S04_Sess01_FB051
731,S04_Sess01_FB052
732,S04_Sess01_FB053
733,S04_Sess01_FB054
734,S04_Sess01_FB055
735,S04_Sess01_FB056
736,S04_Sess01_FB057
737,S04_Sess01_FB058
738,S04_Sess01_FB059
739,S04_Sess01_FB060
740,S04_Sess02_FB001
741,S04_Sess02_FB002
742,S04_Sess02_FB003
743,S04_Sess02_FB004
744,S04_Sess02_FB005
745,S04_Sess02_FB006
746,S04_Sess02_FB007
747,S04_Sess02_FB008
748,S04_Sess02_FB009
749,S04_Sess02_FB010
750,S04_Sess02_FB011
751,S04_Sess02_FB012
752,S04_Sess02_FB013
753,S04_Sess02_FB014
754,S04_Sess02_FB015
755,S04_Sess02_FB016
756,S04_Sess02_FB017
757,S04_Sess02_FB018
758,S04_Sess02_FB019
759,S04_Sess02_FB020
760,S04_Sess02_FB021
761,S04_Sess02_FB022
762,S04_Sess02_FB023
763,S04_Sess02_FB024
764,S04_Sess02_FB025
765,S04_Sess02_FB026
766,S04_Sess02_FB027
767,S04_Sess02_FB028
768,S04_Sess02_FB029
769,S04_Sess02_FB030
770,S04_Sess02_FB031
771,S04_Sess02_FB032
772,S04_Sess02_FB033
773,S04_Sess02_FB034
774,S04_Sess02_FB035
775,S04_Sess02_FB036
776,S04_Sess02_FB037
777,S04_Sess02_FB038
778,S04_Sess02_FB039
779,S04_Sess02_FB040
780,S04_Sess02_FB041
781,S04_Sess02_FB042
782,S04_Sess02_FB043
783,S04_Sess02_FB044
784,S04_Sess02_FB045
785,S04_Sess02_FB046
786,S04_Sess02_FB047
787,S04_Sess02_FB048
788,S04_Sess02_FB049
789,S04_Sess02_FB050
790,S04_Sess02_FB051
791,S04_Sess02_FB052
792,S04_Sess02_FB053
793,S04_Sess02_FB054
794,S04_Sess02_FB055
795,S04_Sess02_FB056
796,S04_Sess02_FB057
797,S04_Sess02_FB058
798,S04_Sess02_FB059
799,S04_Sess02_FB060
800,S04_Sess03_FB001
801,S04_Sess03_FB002
802,S04_Sess03_FB003
803,S04_Sess03_FB004
804,S04_Sess03_FB005
805,S04_Sess03_FB006
806,S04_Sess03_FB007
807,S04_Sess03_FB008
808,S04_Sess03_FB009
809,S04_Sess03_FB010
810,S04_Sess03_FB011
811,S04_Sess03_FB012
812,S04_Sess03_FB013
813,S04_Sess03_FB014
814,S04_Sess03_FB015
815,S04_Sess03_FB016
816,S04_Sess03_FB017
817,S04_Sess03_FB018
818,S04_Sess03_FB019
819,S04_Sess03_FB020
820,S04_Sess03_FB021
821,S04_Sess03_FB022
822,S04_Sess03_FB023
823,S04_Sess03_FB024
824,S04_Sess03_FB025
825,S04_Sess03_FB026
826,S04_Sess03_FB027
827,S04_Sess03_FB028
828,S04_Sess03_FB029
829,S04_Sess03_FB030
830,S04_Sess03_FB031
831,S04_Sess03_FB032
832,S04_Sess03_FB033
833,S04_Sess03_FB034
834,S04_Sess03_FB035
835,S04_Sess03_FB036
836,S04_Sess03_FB037
837,S04_Sess03_FB038
838,S04_Sess03_FB039
839,S04_Sess03_FB040
840,S04_Sess03_FB041
841,S04_Sess03_FB042
842,S04_Sess03_FB043
843,S04_Sess03_FB044
844,S04_Sess03_FB045
845,S04_Sess03_FB046
846,S04_Sess03_FB047
847,S04_Sess03_FB048
848,S04_Sess03_FB049
849,S04_Sess03_FB050
850,S04_Sess03_FB051
851,S04_Sess03_FB052
852,S04_Sess03_FB053
853,S04_Sess03_FB054
854,S04_Sess03_FB055
855,S04_Sess03_FB056
856,S04_Sess03_FB057
857,S04_Sess03_FB058
858,S04_Sess03_FB059
859,S04_Sess03_FB060
860,S04_Sess04_FB001
861,S04_Sess04_FB002
862,S04_Sess04_FB003
863,S04_Sess04_FB004
864,S04_Sess04_FB005
865,S04_Sess04_FB006
866,S04_Sess04_FB007
867,S04_Sess04_FB008
868,S04_Sess04_FB009
869,S04_Sess04_FB010
870,S04_Sess04_FB011
871,S04_Sess04_FB012
872,S04_Sess04_FB013
873,S04_Sess04_FB014
874,S04_Sess04_FB015
875,S04_Sess04_FB016
876,S04_Sess04_FB017
877,S04_Sess04_FB018
878,S04_Sess04_FB019
879,S04_Sess04_FB020
880,S04_Sess04_FB021
881,S04_Sess04_FB022
882,S04_Sess04_FB023
883,S04_Sess04_FB024
884,S04_Sess04_FB025
885,S04_Sess04_FB026
886,S04_Sess04_FB027
887,S04_Sess04_FB028
888,S04_Sess04_FB029
889,S04_Sess04_FB030
890,S04_Sess04_FB031
891,S04_Sess04_FB032
892,S04_Sess04_FB033
893,S04_Sess04_FB034
894,S04_Sess04_FB035
895,S04_Sess04_FB036
896,S04_Sess04_FB037
897,S04_Sess04_FB038
898,S04_Sess04_FB039
899,S04_Sess04_FB040
900,S04_Sess04_FB041
901,S04_Sess04_FB042
902,S04_Sess04_FB043
903,S04_Sess04_FB044
904,S04_Sess04_FB045
905,S04_Sess04_FB046
906,S04_Sess04_FB047
907,S04_Sess04_FB048
908,S04_Sess04_FB049
909,S04_Sess04_FB050
910,S04_Sess04_FB051
911,S04_Sess04_FB052
912,S04_Sess04_FB053
913,S04_Sess04_FB054
914,S04_Sess04_FB055
915,S04_Sess04_FB056
916,S04_Sess04_FB057
917,S04_Sess04_FB058
918,S04_Sess04_FB059
919,S04_Sess04_FB060
920,S04_Sess05_FB001
921,S04_Sess05_FB002
922,S04_Sess05_FB003
923,S04_Sess05_FB004
924,S04_Sess05_FB005
925,S04_Sess05_FB006
926,S04_Sess05_FB007
927,S04_Sess05_FB008
928,S04_Sess05_FB009
929,S04_Sess05_FB010
930,S04_Sess05_FB011
931,S04_Sess05_FB012
932,S04_Sess05_FB013
933,S04_Sess05_FB014
934,S04_Sess05_FB015
935,S04_Sess05_FB016
936,S04_Sess05_FB017
937,S04_Sess05_FB018
938,S04_Sess05_FB019
939,S04_Sess05_FB020
940,S04_Sess05_FB021
941,S04_Sess05_FB022
942,S04_Sess05_FB023
943,S04_Sess05_FB024
944,S04_Sess05_FB025
945,S04_Sess05_FB026
946,S04_Sess05_FB027
947,S04_Sess05_FB028
948,S04_Sess05_FB029
949,S04_Sess05_FB030
950,S04_Sess05_FB031
951,S04_Sess05_FB032
952,S04_Sess05_FB033
953,S04_Sess05_FB034
954,S04_Sess05_FB035
955,S04_Sess05_FB036
956,S04_Sess05_FB037
957,S04_Sess05_FB038
958,S04_Sess05_FB039
959,S04_Sess05_FB040
960,S04_Sess05_FB041
961,S04_Sess05_FB042
962,S04_Sess05_FB043
963,S04_Sess05_FB044
964,S04_Sess05_FB045
965,S04_Sess05_FB046
966,S04_Sess05_FB047
967,S04_Sess05_FB048
968,S04_Sess05_FB049
969,S04_Sess05_FB050
970,S04_Sess05_FB051
971,S04_Sess05_FB052
972,S04_Sess05_FB053
973,S04_Sess05_FB054
974,S04_Sess05_FB055
975,S04_Sess05_FB056
976,S04_Sess05_FB057
977,S04_Sess05_FB058
978,S04_Sess05_FB059
979,S04_Sess05_FB060
980,S04_Sess05_FB061
981,S04_Sess05_FB062
982,S04_Sess05_FB063
983,S04_Sess05_FB064
984,S04_Sess05_FB065
985,S04_Sess05_FB066
986,S04_Sess05_FB067
987,S04_Sess05_FB068
988,S04_Sess05_FB069
989,S04_Sess05_FB070
990,S04_Sess05_FB071
991,S04_Sess05_FB072
992,S04_Sess05_FB073
993,S04_Sess05_FB074
994,S04_Sess05_FB075
995,S04_Sess05_FB076
996,S04_Sess05_FB077
997,S04_Sess05_FB078
998,S04_Sess05_FB079
999,S04_Sess05_FB080
1000,S04_Sess05_FB081
1001,S04_Sess05_FB082
1002,S04_Sess05_FB083
1003,S04_Sess05_FB084
1004,S04_Sess05_FB085
1005,S04_Sess05_FB086
1006,S04_Sess05_FB087
1007,S04_Sess05_FB088
1008,S04_Sess05_FB089
1009,S04_Sess05_FB090
1010,S04_Sess05_FB091
1011,S04_Sess05_FB092
1012,S04_Sess05_FB093
1013,S04_Sess05_FB094
1014,S04_Sess05_FB095
1015,S04_Sess05_FB096
1016,S04_Sess05_FB097
1017,S04_Sess05_FB098
1018,S04_Sess05_FB099
1019,S04_Sess05_FB100
1020,S05_Sess01_FB001
1021,S05_Sess01_FB002
1022,S05_Sess01_FB003
1023,S05_Sess01_FB004
1024,S05_Sess01_FB005
1025,S05_Sess01_FB006
1026,S05_Sess01_FB007
1027,S05_Sess01_FB008
1028,S05_Sess01_FB009
1029,S05_Sess01_FB010
1030,S05_Sess01_FB011
1031,S05_Sess01_FB012
1032,S05_Sess01_FB013
1033,S05_Sess01_FB014
1034,S05_Sess01_FB015
1035,S05_Sess01_FB016
1036,S05_Sess01_FB017
1037,S05_Sess01_FB018
1038,S05_Sess01_FB019
1039,S05_Sess01_FB020
1040,S05_Sess01_FB021
1041,S05_Sess01_FB022
1042,S05_Sess01_FB023
1043,S05_Sess01_FB024
1044,S05_Sess01_FB025
1045,S05_Sess01_FB026
1046,S05_Sess01_FB027
1047,S05_Sess01_FB028
1048,S05_Sess01_FB029
1049,S05_Sess01_FB030
1050,S05_Sess01_FB031
1051,S05_Sess01_FB032
1052,S05_Sess01_FB033
1053,S05_Sess01_FB034
1054,S05_Sess01_FB035
1055,S05_Sess01_FB036
1056,S05_Sess01_FB037
1057,S05_Sess01_FB038
1058,S05_Sess01_FB039
1059,S05_Sess01_FB040
1060,S05_Sess01_FB041
1061,S05_Sess01_FB042
1062,S05_Sess01_FB043
1063,S05_Sess01_FB044
1064,S05_Sess01_FB045
1065,S05_Sess01_FB046
1066,S05_Sess01_FB047
1067,S05_Sess01_FB048
1068,S05_Sess01_FB049
1069,S05_Sess01_FB050
1070,S05_Sess01_FB051
1071,S05_Sess01_FB052
1072,S05_Sess01_FB053
1073,S05_Sess01_FB054
1074,S05_Sess01_FB055
1075,S05_Sess01_FB056
1076,S05_Sess01_FB057
1077,S05_Sess01_FB058
1078,S05_Sess01_FB059
1079,S05_Sess01_FB060
1080,S05_Sess02_FB001
1081,S05_Sess02_FB002
1082,S05_Sess02_FB003
1083,S05_Sess02_FB004
1084,S05_Sess02_FB005
1085,S05_Sess02_FB006
1086,S05_Sess02_FB007
1087,S05_Sess02_FB008
1088,S05_Sess02_FB009
1089,S05_Sess02_FB010
1090,S05_Sess02_FB011
1091,S05_Sess02_FB012
1092,S05_Sess02_FB013
1093,S05_Sess02_FB014
1094,S05_Sess02_FB015
1095,S05_Sess02_FB016
1096,S05_Sess02_FB017
1097,S05_Sess02_FB018
1098,S05_Sess02_FB019
1099,S05_Sess02_FB020
1100,S05_Sess02_FB021
1101,S05_Sess02_FB022
1102,S05_Sess02_FB023
1103,S05_Sess02_FB024
1104,S05_Sess02_FB025
1105,S05_Sess02_FB026
1106,S05_Sess02_FB027
1107,S05_Sess02_FB028
1108,S05_Sess02_FB029
1109,S05_Sess02_FB030
1110,S05_Sess02_FB031
1111,S05_Sess02_FB032
1112,S05_Sess02_FB033
1113,S05_Sess02_FB034
1114,S05_Sess02_FB035
1115,S05_Sess02_FB036
1116,S05_Sess02_FB037
1117,S05_Sess02_FB038
1118,S05_Sess02_FB039
1119,S05_Sess02_FB040
1120,S05_Sess02_FB041
1121,S05_Sess02_FB042
1122,S05_Sess02_FB043
1123,S05_Sess02_FB044
1124,S05_Sess02_FB045
1125,S05_Sess02_FB046
1126,S05_Sess02_FB047
1127,S05_Sess02_FB048
1128,S05_Sess02_FB049
1129,S05_Sess02_FB050
1130,S05_Sess02_FB051
1131,S05_Sess02_FB052
1132,S05_Sess02_FB053
1133,S05_Sess02_FB054
1134,S05_Sess02_FB055
1135,S05_Sess02_FB056
1136,S05_Sess02_FB057
1137,S05_Sess02_FB058
1138,S05_Sess02_FB059
1139,S05_Sess02_FB060
1140,S05_Sess03_FB001
1141,S05_Sess03_FB002
1142,S05_Sess03_FB003
1143,S05_Sess03_FB004
1144,S05_Sess03_FB005
1145,S05_Sess03_FB006
1146,S05_Sess03_FB007
1147,S05_Sess03_FB008
1148,S05_Sess03_FB009
1149,S05_Sess03_FB010
1150,S05_Sess03_FB011
1151,S05_Sess03_FB012
1152,S05_Sess03_FB013
1153,S05_Sess03_FB014
1154,S05_Sess03_FB015
1155,S05_Sess03_FB016
1156,S05_Sess03_FB017
1157,S05_Sess03_FB018
1158,S05_Sess03_FB019
1159,S05_Sess03_FB020
1160,S05_Sess03_FB021
1161,S05_Sess03_FB022
1162,S05_Sess03_FB023
1163,S05_Sess03_FB024
1164,S05_Sess03_FB025
1165,S05_Sess03_FB026
1166,S05_Sess03_FB027
1167,S05_Sess03_FB028
1168,S05_Sess03_FB029
1169,S05_Sess03_FB030
1170,S05_Sess03_FB031
1171,S05_Sess03_FB032
1172,S05_Sess03_FB033
1173,S05_Sess03_FB034
1174,S05_Sess03_FB035
1175,S05_Sess03_FB036
1176,S05_Sess03_FB037
1177,S05_Sess03_FB038
1178,S05_Sess03_FB039
1179,S05_Sess03_FB040
1180,S05_Sess03_FB041
1181,S05_Sess03_FB042
1182,S05_Sess03_FB043
1183,S05_Sess03_FB044
1184,S05_Sess03_FB045
1185,S05_Sess03_FB046
1186,S05_Sess03_FB047
1187,S05_Sess03_FB048
1188,S05_Sess03_FB049
1189,S05_Sess03_FB050
1190,S05_Sess03_FB051
1191,S05_Sess03_FB052
1192,S05_Sess03_FB053
1193,S05_Sess03_FB054
1194,S05_Sess03_FB055
1195,S05_Sess03_FB056
1196,S05_Sess03_FB057
1197,S05_Sess03_FB058
1198,S05_Sess03_FB059
1199,S05_Sess03_FB060
1200,S05_Sess04_FB001
1201,S05_Sess04_FB002
1202,S05_Sess04_FB003
1203,S05_Sess04_FB004
1204,S05_Sess04_FB005
1205,S05_Sess04_FB006
1206,S05_Sess04_FB007
1207,S05_Sess04_FB008
1208,S05_Sess04_FB009
1209,S05_Sess04_FB010
1210,S05_Sess04_FB011
1211,S05_Sess04_FB012
1212,S05_Sess04_FB013
1213,S05_Sess04_FB014
1214,S05_Sess04_FB015
1215,S05_Sess04_FB016
1216,S05_Sess04_FB017
1217,S05_Sess04_FB018
1218,S05_Sess04_FB019
1219,S05_Sess04_FB020
1220,S05_Sess04_FB021
1221,S05_Sess04_FB022
1222,S05_Sess04_FB023
1223,S05_Sess04_FB024
1224,S05_Sess04_FB025
1225,S05_Sess04_FB026
1226,S05_Sess04_FB027
1227,S05_Sess04_FB028
1228,S05_Sess04_FB029
1229,S05_Sess04_FB030
1230,S05_Sess04_FB031
1231,S05_Sess04_FB032
1232,S05_Sess04_FB033
1233,S05_Sess04_FB034
1234,S05_Sess04_FB035
1235,S05_Sess04_FB036
1236,S05_Sess04_FB037
1237,S05_Sess04_FB038
1238,S05_Sess04_FB039
1239,S05_Sess04_FB040
1240,S05_Sess04_FB041
1241,S05_Sess04_FB042
1242,S05_Sess04_FB043
1243,S05_Sess04_FB044
1244,S05_Sess04_FB045
1245,S05_Sess04_FB046
1246,S05_Sess04_FB047
1247,S05_Sess04_FB048
1248,S05_Sess04_FB049
1249,S05_Sess04_FB050
1250,S05_Sess04_FB051
1251,S05_Sess04_FB052
1252,S05_Sess04_FB053
1253,S05_Sess04_FB054
1254,S05_Sess04_FB055
1255,S05_Sess04_FB056
1256,S05_Sess04_FB057
1257,S05_Sess04_FB058
1258,S05_Sess04_FB059
1259,S05_Sess04_FB060
1260,S05_Sess05_FB001
1261,S05_Sess05_FB002
1262,S05_Sess05_FB003
1263,S05_Sess05_FB004
1264,S05_Sess05_FB005
1265,S05_Sess05_FB006
1266,S05_Sess05_FB007
1267,S05_Sess05_FB008
1268,S05_Sess05_FB009
1269,S05_Sess05_FB010
1270,S05_Sess05_FB011
1271,S05_Sess05_FB012
1272,S05_Sess05_FB013
1273,S05_Sess05_FB014
1274,S05_Sess05_FB015
1275,S05_Sess05_FB016
1276,S05_Sess05_FB017
1277,S05_Sess05_FB018
1278,S05_Sess05_FB019
1279,S05_Sess05_FB020
1280,S05_Sess05_FB021
1281,S05_Sess05_FB022
1282,S05_Sess05_FB023
1283,S05_Sess05_FB024
1284,S05_Sess05_FB025
1285,S05_Sess05_FB026
1286,S05_Sess05_FB027
1287,S05_Sess05_FB028
1288,S05_Sess05_FB029
1289,S05_Sess05_FB030
1290,S05_Sess05_FB031
1291,S05_Sess05_FB032
1292,S05_Sess05_FB033
1293,S05_Sess05_FB034
1294,S05_Sess05_FB035
1295,S05_Sess05_FB036
1296,S05_Sess05_FB037
1297,S05_Sess05_FB038
1298,S05_Sess05_FB039
1299,S05_Sess05_FB040
1300,S05_Sess05_FB041
1301,S05_Sess05_FB042
1302,S05_Sess05_FB043
1303,S05_Sess05_FB044
1304,S05_Sess05_FB045
1305,S05_Sess05_FB046
1306,S05_Sess05_FB047
1307,S05_Sess05_FB048
1308,S05_Sess05_FB049
1309,S05_Sess05_FB050
1310,S05_Sess05_FB051
1311,S05_Sess05_FB052
1312,S05_Sess05_FB053
1313,S05_Sess05_FB054
1314,S05_Sess05_FB055
1315,S05_Sess05_FB056
1316,S05_Sess05_FB057
1317,S05_Sess05_FB058
1318,S05_Sess05_FB059
1319,S05_Sess05_FB060
1320,S05_Sess05_FB061
1321,S05_Sess05_FB062
1322,S05_Sess05_FB063
1323,S05_Sess05_FB064
1324,S05_Sess05_FB065
1325,S05_Sess05_FB066
1326,S05_Sess05_FB067
1327,S05_Sess05_FB068
1328,S05_Sess05_FB069
1329,S05_Sess05_FB070
1330,S05_Sess05_FB071
1331,S05_Sess05_FB072
1332,S05_Sess05_FB073
1333,S05_Sess05_FB074
1334,S05_Sess05_FB075
1335,S05_Sess05_FB076
1336,S05_Sess05_FB077
1337,S05_Sess05_FB078
1338,S05_Sess05_FB079
1339,S05_Sess05_FB080
1340,S05_Sess05_FB081
1341,S05_Sess05_FB082
1342,S05_Sess05_FB083
1343,S05_Sess05_FB084
1344,S05_Sess05_FB085
1345,S05_Sess05_FB086
1346,S05_Sess05_FB087
1347,S05_Sess05_FB088
1348,S05_Sess05_FB089
1349,S05_Sess05_FB090
1350,S05_Sess05_FB091
1351,S05_Sess05_FB092
1352,S05_Sess05_FB093
1353,S05_Sess05_FB094
1354,S05_Sess05_FB095
1355,S05_Sess05_FB096
1356,S05_Sess05_FB097
1357,S05_Sess05_FB098
1358,S05_Sess05_FB099
1359,S05_Sess05_FB100
1360,S08_Sess01_FB001
1361,S08_Sess01_FB002
1362,S08_Sess01_FB003
1363,S08_Sess01_FB004
1364,S08_Sess01_FB005
1365,S08_Sess01_FB006
1366,S08_Sess01_FB007
1367,S08_Sess01_FB008
1368,S08_Sess01_FB009
1369,S08_Sess01_FB010
1370,S08_Sess01_FB011
1371,S08_Sess01_FB012
1372,S08_Sess01_FB013
1373,S08_Sess01_FB014
1374,S08_Sess01_FB015
1375,S08_Sess01_FB016
1376,S08_Sess01_FB017
1377,S08_Sess01_FB018
1378,S08_Sess01_FB019
1379,S08_Sess01_FB020
1380,S08_Sess01_FB021
1381,S08_Sess01_FB022
1382,S08_Sess01_FB023
1383,S08_Sess01_FB024
1384,S08_Sess01_FB025
1385,S08_Sess01_FB026
1386,S08_Sess01_FB027
1387,S08_Sess01_FB028
1388,S08_Sess01_FB029
1389,S08_Sess01_FB030
1390,S08_Sess01_FB031
1391,S08_Sess01_FB032
1392,S08_Sess01_FB033
1393,S08_Sess01_FB034
1394,S08_Sess01_FB035
1395,S08_Sess01_FB036
1396,S08_Sess01_FB037
1397,S08_Sess01_FB038
1398,S08_Sess01_FB039
1399,S08_Sess01_FB040
1400,S08_Sess01_FB041
1401,S08_Sess01_FB042
1402,S08_Sess01_FB043
1403,S08_Sess01_FB044
1404,S08_Sess01_FB045
1405,S08_Sess01_FB046
1406,S08_Sess01_FB047
1407,S08_Sess01_FB048
1408,S08_Sess01_FB049
1409,S08_Sess01_FB050
1410,S08_Sess01_FB051
1411,S08_Sess01_FB052
1412,S08_Sess01_FB053
1413,S08_Sess01_FB054
1414,S08_Sess01_FB055
1415,S08_Sess01_FB056
1416,S08_Sess01_FB057
1417,S08_Sess01_FB058
1418,S08_Sess01_FB059
1419,S08_Sess01_FB060
1420,S08_Sess02_FB001
1421,S08_Sess02_FB002
1422,S08_Sess02_FB003
1423,S08_Sess02_FB004
1424,S08_Sess02_FB005
1425,S08_Sess02_FB006
1426,S08_Sess02_FB007
1427,S08_Sess02_FB008
1428,S08_Sess02_FB009
1429,S08_Sess02_FB010
1430,S08_Sess02_FB011
1431,S08_Sess02_FB012
1432,S08_Sess02_FB013
1433,S08_Sess02_FB014
1434,S08_Sess02_FB015
1435,S08_Sess02_FB016
1436,S08_Sess02_FB017
1437,S08_Sess02_FB018
1438,S08_Sess02_FB019
1439,S08_Sess02_FB020
1440,S08_Sess02_FB021
1441,S08_Sess02_FB022
1442,S08_Sess02_FB023
1443,S08_Sess02_FB024
1444,S08_Sess02_FB025
1445,S08_Sess02_FB026
1446,S08_Sess02_FB027
1447,S08_Sess02_FB028
1448,S08_Sess02_FB029
1449,S08_Sess02_FB030
1450,S08_Sess02_FB031
1451,S08_Sess02_FB032
1452,S08_Sess02_FB033
1453,S08_Sess02_FB034
1454,S08_Sess02_FB035
1455,S08_Sess02_FB036
1456,S08_Sess02_FB037
1457,S08_Sess02_FB038
1458,S08_Sess02_FB039
1459,S08_Sess02_FB040
1460,S08_Sess02_FB041
1461,S08_Sess02_FB042
1462,S08_Sess02_FB043
1463,S08_Sess02_FB044
1464,S08_Sess02_FB045
1465,S08_Sess02_FB046
1466,S08_Sess02_FB047
1467,S08_Sess02_FB048
1468,S08_Sess02_FB049
1469,S08_Sess02_FB050
1470,S08_Sess02_FB051
1471,S08_Sess02_FB052
1472,S08_Sess02_FB053
1473,S08_Sess02_FB054
1474,S08_Sess02_FB055
1475,S08_Sess02_FB056
1476,S08_Sess02_FB057
1477,S08_Sess02_FB058
1478,S08_Sess02_FB059
1479,S08_Sess02_FB060
1480,S08_Sess03_FB001
1481,S08_Sess03_FB002
1482,S08_Sess03_FB003
1483,S08_Sess03_FB004
1484,S08_Sess03_FB005
1485,S08_Sess03_FB006
1486,S08_Sess03_FB007
1487,S08_Sess03_FB008
1488,S08_Sess03_FB009
1489,S08_Sess03_FB010
1490,S08_Sess03_FB011
1491,S08_Sess03_FB012
1492,S08_Sess03_FB013
1493,S08_Sess03_FB014
1494,S08_Sess03_FB015
1495,S08_Sess03_FB016
1496,S08_Sess03_FB017
1497,S08_Sess03_FB018
1498,S08_Sess03_FB019
1499,S08_Sess03_FB020
1500,S08_Sess03_FB021
1501,S08_Sess03_FB022
1502,S08_Sess03_FB023
1503,S08_Sess03_FB024
1504,S08_Sess03_FB025
1505,S08_Sess03_FB026
1506,S08_Sess03_FB027
1507,S08_Sess03_FB028
1508,S08_Sess03_FB029
1509,S08_Sess03_FB030
1510,S08_Sess03_FB031
1511,S08_Sess03_FB032
1512,S08_Sess03_FB033
1513,S08_Sess03_FB034
1514,S08_Sess03_FB035
1515,S08_Sess03_FB036
1516,S08_Sess03_FB037
1517,S08_Sess03_FB038
1518,S08_Sess03_FB039
1519,S08_Sess03_FB040
1520,S08_Sess03_FB041
1521,S08_Sess03_FB042
1522,S08_Sess03_FB043
1523,S08_Sess03_FB044
1524,S08_Sess03_FB045
1525,S08_Sess03_FB046
1526,S08_Sess03_FB047
1527,S08_Sess03_FB048
1528,S08_Sess03_FB049
1529,S08_Sess03_FB050
1530,S08_Sess03_FB051
1531,S08_Sess03_FB052
1532,S08_Sess03_FB053
1533,S08_Sess03_FB054
1534,S08_Sess03_FB055
1535,S08_Sess03_FB056
1536,S08_Sess03_FB057
1537,S08_Sess03_FB058
1538,S08_Sess03_FB059
1539,S08_Sess03_FB060
1540,S08_Sess04_FB001
1541,S08_Sess04_FB002
1542,S08_Sess04_FB003
1543,S08_Sess04_FB004
1544,S08_Sess04_FB005
1545,S08_Sess04_FB006
1546,S08_Sess04_FB007
1547,S08_Sess04_FB008
1548,S08_Sess04_FB009
1549,S08_Sess04_FB010
1550,S08_Sess04_FB011
1551,S08_Sess04_FB012
1552,S08_Sess04_FB013
1553,S08_Sess04_FB014
1554,S08_Sess04_FB015
1555,S08_Sess04_FB016
1556,S08_Sess04_FB017
1557,S08_Sess04_FB018
1558,S08_Sess04_FB019
1559,S08_Sess04_FB020
1560,S08_Sess04_FB021
1561,S08_Sess04_FB022
1562,S08_Sess04_FB023
1563,S08_Sess04_FB024
1564,S08_Sess04_FB025
1565,S08_Sess04_FB026
1566,S08_Sess04_FB027
1567,S08_Sess04_FB028
1568,S08_Sess04_FB029
1569,S08_Sess04_FB030
1570,S08_Sess04_FB031
1571,S08_Sess04_FB032
1572,S08_Sess04_FB033
1573,S08_Sess04_FB034
1574,S08_Sess04_FB035
1575,S08_Sess04_FB036
1576,S08_Sess04_FB037
1577,S08_Sess04_FB038
1578,S08_Sess04_FB039
1579,S08_Sess04_FB040
1580,S08_Sess04_FB041
1581,S08_Sess04_FB042
1582,S08_Sess04_FB043
1583,S08_Sess04_FB044
1584,S08_Sess04_FB045
1585,S08_Sess04_FB046
1586,S08_Sess04_FB047
1587,S08_Sess04_FB048
1588,S08_Sess04_FB049
1589,S08_Sess04_FB050
1590,S08_Sess04_FB051
1591,S08_Sess04_FB052
1592,S08_Sess04_FB053
1593,S08_Sess04_FB054
1594,S08_Sess04_FB055
1595,S08_Sess04_FB056
1596,S08_Sess04_FB057
1597,S08_Sess04_FB058
1598,S08_Sess04_FB059
1599,S08_Sess04_FB060
1600,S08_Sess05_FB001
1601,S08_Sess05_FB002
1602,S08_Sess05_FB003
1603,S08_Sess05_FB004
1604,S08_Sess05_FB005
1605,S08_Sess05_FB006
1606,S08_Sess05_FB007
1607,S08_Sess05_FB008
1608,S08_Sess05_FB009
1609,S08_Sess05_FB010
1610,S08_Sess05_FB011
1611,S08_Sess05_FB012
1612,S08_Sess05_FB013
1613,S08_Sess05_FB014
1614,S08_Sess05_FB015
1615,S08_Sess05_FB016
1616,S08_Sess05_FB017
1617,S08_Sess05_FB018
1618,S08_Sess05_FB019
1619,S08_Sess05_FB020
1620,S08_Sess05_FB021
1621,S08_Sess05_FB022
1622,S08_Sess05_FB023
1623,S08_Sess05_FB024
1624,S08_Sess05_FB025
1625,S08_Sess05_FB026
1626,S08_Sess05_FB027
1627,S08_Sess05_FB028
1628,S08_Sess05_FB029
1629,S08_Sess05_FB030
1630,S08_Sess05_FB031
1631,S08_Sess05_FB032
1632,S08_Sess05_FB033
1633,S08_Sess05_FB034
1634,S08_Sess05_FB035
1635,S08_Sess05_FB036
1636,S08_Sess05_FB037
1637,S08_Sess05_FB038
1638,S08_Sess05_FB039
1639,S08_Sess05_FB040
1640,S08_Sess05_FB041
1641,S08_Sess05_FB042
1642,S08_Sess05_FB043
1643,S08_Sess05_FB044
1644,S08_Sess05_FB045
1645,S08_Sess05_FB046
1646,S08_Sess05_FB047
1647,S08_Sess05_FB048
1648,S08_Sess05_FB049
1649,S08_Sess05_FB050
1650,S08_Sess05_FB051
1651,S08_Sess05_FB052
1652,S08_Sess05_FB053
1653,S08_Sess05_FB054
1654,S08_Sess05_FB055
1655,S08_Sess05_FB056
1656,S08_Sess05_FB057
1657,S08_Sess05_FB058
1658,S08_Sess05_FB059
1659,S08_Sess05_FB060
1660,S08_Sess05_FB061
1661,S08_Sess05_FB062
1662,S08_Sess05_FB063
1663,S08_Sess05_FB064
1664,S08_Sess05_FB065
1665,S08_Sess05_FB066
1666,S08_Sess05_FB067
1667,S08_Sess05_FB068
1668,S08_Sess05_FB069
1669,S08_Sess05_FB070
1670,S08_Sess05_FB071
1671,S08_Sess05_FB072
1672,S08_Sess05_FB073
1673,S08_Sess05_FB074
1674,S08_Sess05_FB075
1675,S08_Sess05_FB076
1676,S08_Sess05_FB077
1677,S08_Sess05_FB078
1678,S08_Sess05_FB079
1679,S08_Sess05_FB080
1680,S08_Sess05_FB081
1681,S08_Sess05_FB082
1682,S08_Sess05_FB083
1683,S08_Sess05_FB084
1684,S08_Sess05_FB085
1685,S08_Sess05_FB086
1686,S08_Sess05_FB087
1687,S08_Sess05_FB088
1688,S08_Sess05_FB089
1689,S08_Sess05_FB090
1690,S08_Sess05_FB091
1691,S08_Sess05_FB092
1692,S08_Sess05_FB093
1693,S08_Sess05_FB094
1694,S08_Sess05_FB095
1695,S08_Sess05_FB096
1696,S08_Sess05_FB097
1697,S08_Sess05_FB098
1698,S08_Sess05_FB099
1699,S08_Sess05_FB100
1700,S09_Sess01_FB001
1701,S09_Sess01_FB002
1702,S09_Sess01_FB003
1703,S09_Sess01_FB004
1704,S09_Sess01_FB005
1705,S09_Sess01_FB006
1706,S09_Sess01_FB007
1707,S09_Sess01_FB008
1708,S09_Sess01_FB009
1709,S09_Sess01_FB010
1710,S09_Sess01_FB011
1711,S09_Sess01_FB012
1712,S09_Sess01_FB013
1713,S09_Sess01_FB014
1714,S09_Sess01_FB015
1715,S09_Sess01_FB016
1716,S09_Sess01_FB017
1717,S09_Sess01_FB018
1718,S09_Sess01_FB019
1719,S09_Sess01_FB020
1720,S09_Sess01_FB021
1721,S09_Sess01_FB022
1722,S09_Sess01_FB023
1723,S09_Sess01_FB024
1724,S09_Sess01_FB025
1725,S09_Sess01_FB026
1726,S09_Sess01_FB027
1727,S09_Sess01_FB028
1728,S09_Sess01_FB029
1729,S09_Sess01_FB030
1730,S09_Sess01_FB031
1731,S09_Sess01_FB032
1732,S09_Sess01_FB033
1733,S09_Sess01_FB034
1734,S09_Sess01_FB035
1735,S09_Sess01_FB036
1736,S09_Sess01_FB037
1737,S09_Sess01_FB038
1738,S09_Sess01_FB039
1739,S09_Sess01_FB040
1740,S09_Sess01_FB041
1741,S09_Sess01_FB042
1742,S09_Sess01_FB043
1743,S09_Sess01_FB044
1744,S09_Sess01_FB045
1745,S09_Sess01_FB046
1746,S09_Sess01_FB047
1747,S09_Sess01_FB048
1748,S09_Sess01_FB049
1749,S09_Sess01_FB050
1750,S09_Sess01_FB051
1751,S09_Sess01_FB052
1752,S09_Sess01_FB053
1753,S09_Sess01_FB054
1754,S09_Sess01_FB055
1755,S09_Sess01_FB056
1756,S09_Sess01_FB057
1757,S09_Sess01_FB058
1758,S09_Sess01_FB059
1759,S09_Sess01_FB060
1760,S09_Sess02_FB001
1761,S09_Sess02_FB002
1762,S09_Sess02_FB003
1763,S09_Sess02_FB004
1764,S09_Sess02_FB005
1765,S09_Sess02_FB006
1766,S09_Sess02_FB007
1767,S09_Sess02_FB008
1768,S09_Sess02_FB009
1769,S09_Sess02_FB010
1770,S09_Sess02_FB011
1771,S09_Sess02_FB012
1772,S09_Sess02_FB013
1773,S09_Sess02_FB014
1774,S09_Sess02_FB015
1775,S09_Sess02_FB016
1776,S09_Sess02_FB017
1777,S09_Sess02_FB018
1778,S09_Sess02_FB019
1779,S09_Sess02_FB020
1780,S09_Sess02_FB021
1781,S09_Sess02_FB022
1782,S09_Sess02_FB023
1783,S09_Sess02_FB024
1784,S09_Sess02_FB025
1785,S09_Sess02_FB026
1786,S09_Sess02_FB027
1787,S09_Sess02_FB028
1788,S09_Sess02_FB029
1789,S09_Sess02_FB030
1790,S09_Sess02_FB031
1791,S09_Sess02_FB032
1792,S09_Sess02_FB033
1793,S09_Sess02_FB034
1794,S09_Sess02_FB035
1795,S09_Sess02_FB036
1796,S09_Sess02_FB037
1797,S09_Sess02_FB038
1798,S09_Sess02_FB039
1799,S09_Sess02_FB040
1800,S09_Sess02_FB041
1801,S09_Sess02_FB042
1802,S09_Sess02_FB043
1803,S09_Sess02_FB044
1804,S09_Sess02_FB045
1805,S09_Sess02_FB046
1806,S09_Sess02_FB047
1807,S09_Sess02_FB048
1808,S09_Sess02_FB049
1809,S09_Sess02_FB050
1810,S09_Sess02_FB051
1811,S09_Sess02_FB052
1812,S09_Sess02_FB053
1813,S09_Sess02_FB054
1814,S09_Sess02_FB055
1815,S09_Sess02_FB056
1816,S09_Sess02_FB057
1817,S09_Sess02_FB058
1818,S09_Sess02_FB059
1819,S09_Sess02_FB060
1820,S09_Sess03_FB001
1821,S09_Sess03_FB002
1822,S09_Sess03_FB003
1823,S09_Sess03_FB004
1824,S09_Sess03_FB005
1825,S09_Sess03_FB006
1826,S09_Sess03_FB007
1827,S09_Sess03_FB008
1828,S09_Sess03_FB009
1829,S09_Sess03_FB010
1830,S09_Sess03_FB011
1831,S09_Sess03_FB012
1832,S09_Sess03_FB013
1833,S09_Sess03_FB014
1834,S09_Sess03_FB015
1835,S09_Sess03_FB016
1836,S09_Sess03_FB017
1837,S09_Sess03_FB018
1838,S09_Sess03_FB019
1839,S09_Sess03_FB020
1840,S09_Sess03_FB021
1841,S09_Sess03_FB022
1842,S09_Sess03_FB023
1843,S09_Sess03_FB024
1844,S09_Sess03_FB025
1845,S09_Sess03_FB026
1846,S09_Sess03_FB027
1847,S09_Sess03_FB028
1848,S09_Sess03_FB029
1849,S09_Sess03_FB030
1850,S09_Sess03_FB031
1851,S09_Sess03_FB032
1852,S09_Sess03_FB033
1853,S09_Sess03_FB034
1854,S09_Sess03_FB035
1855,S09_Sess03_FB036
1856,S09_Sess03_FB037
1857,S09_Sess03_FB038
1858,S09_Sess03_FB039
1859,S09_Sess03_FB040
1860,S09_Sess03_FB041
1861,S09_Sess03_FB042
1862,S09_Sess03_FB043
1863,S09_Sess03_FB044
1864,S09_Sess03_FB045
1865,S09_Sess03_FB046
1866,S09_Sess03_FB047
1867,S09_Sess03_FB048
1868,S09_Sess03_FB049
1869,S09_Sess03_FB050
1870,S09_Sess03_FB051
1871,S09_Sess03_FB052
1872,S09_Sess03_FB053
1873,S09_Sess03_FB054
1874,S09_Sess03_FB055
1875,S09_Sess03_FB056
1876,S09_Sess03_FB057
1877,S09_Sess03_FB058
1878,S09_Sess03_FB059
1879,S09_Sess03_FB060
1880,S09_Sess04_FB001
1881,S09_Sess04_FB002
1882,S09_Sess04_FB003
1883,S09_Sess04_FB004
1884,S09_Sess04_FB005
1885,S09_Sess04_FB006
1886,S09_Sess04_FB007
1887,S09_Sess04_FB008
1888,S09_Sess04_FB009
1889,S09_Sess04_FB010
1890,S09_Sess04_FB011
1891,S09_Sess04_FB012
1892,S09_Sess04_FB013
1893,S09_Sess04_FB014
1894,S09_Sess04_FB015
1895,S09_Sess04_FB016
1896,S09_Sess04_FB017
1897,S09_Sess04_FB018
1898,S09_Sess04_FB019
1899,S09_Sess04_FB020
1900,S09_Sess04_FB021
1901,S09_Sess04_FB022
1902,S09_Sess04_FB023
1903,S09_Sess04_FB024
1904,S09_Sess04_FB025
1905,S09_Sess04_FB026
1906,S09_Sess04_FB027
1907,S09_Sess04_FB028
1908,S09_Sess04_FB029
1909,S09_Sess04_FB030
1910,S09_Sess04_FB031
1911,S09_Sess04_FB032
1912,S09_Sess04_FB033
1913,S09_Sess04_FB034
1914,S09_Sess04_FB035
1915,S09_Sess04_FB036
1916,S09_Sess04_FB037
1917,S09_Sess04_FB038
1918,S09_Sess04_FB039
1919,S09_Sess04_FB040
1920,S09_Sess04_FB041
1921,S09_Sess04_FB042
1922,S09_Sess04_FB043
1923,S09_Sess04_FB044
1924,S09_Sess04_FB045
1925,S09_Sess04_FB046
1926,S09_Sess04_FB047
1927,S09_Sess04_FB048
1928,S09_Sess04_FB049
1929,S09_Sess04_FB050
1930,S09_Sess04_FB051
1931,S09_Sess04_FB052
1932,S09_Sess04_FB053
1933,S09_Sess04_FB054
1934,S09_Sess04_FB055
1935,S09_Sess04_FB056
1936,S09_Sess04_FB057
1937,S09_Sess04_FB058
1938,S09_Sess04_FB059
1939,S09_Sess04_FB060
1940,S09_Sess05_FB001
1941,S09_Sess05_FB002
1942,S09_Sess05_FB003
1943,S09_Sess05_FB004
1944,S09_Sess05_FB005
1945,S09_Sess05_FB006
1946,S09_Sess05_FB007
1947,S09_Sess05_FB008
1948,S09_Sess05_FB009
1949,S09_Sess05_FB010
1950,S09_Sess05_FB011
1951,S09_Sess05_FB012
1952,S09_Sess05_FB013
1953,S09_Sess05_FB014
1954,S09_Sess05_FB015
1955,S09_Sess05_FB016
1956,S09_Sess05_FB017
1957,S09_Sess05_FB018
1958,S09_Sess05_FB019
1959,S09_Sess05_FB020
1960,S09_Sess05_FB021
1961,S09_Sess05_FB022
1962,S09_Sess05_FB023
1963,S09_Sess05_FB024
1964,S09_Sess05_FB025
1965,S09_Sess05_FB026
1966,S09_Sess05_FB027
1967,S09_Sess05_FB028
1968,S09_Sess05_FB029
1969,S09_Sess05_FB030
1970,S09_Sess05_FB031
1971,S09_Sess05_FB032
1972,S09_Sess05_FB033
1973,S09_Sess05_FB034
1974,S09_Sess05_FB035
1975,S09_Sess05_FB036
1976,S09_Sess05_FB037
1977,S09_Sess05_FB038
1978,S09_Sess05_FB039
1979,S09_Sess05_FB040
1980,S09_Sess05_FB041
1981,S09_Sess05_FB042
1982,S09_Sess05_FB043
1983,S09_Sess05_FB044
1984,S09_Sess05_FB045
1985,S09_Sess05_FB046
1986,S09_Sess05_FB047
1987,S09_Sess05_FB048
1988,S09_Sess05_FB049
1989,S09_Sess05_FB050
1990,S09_Sess05_FB051
1991,S09_Sess05_FB052
1992,S09_Sess05_FB053
1993,S09_Sess05_FB054
1994,S09_Sess05_FB055
1995,S09_Sess05_FB056
1996,S09_Sess05_FB057
1997,S09_Sess05_FB058
1998,S09_Sess05_FB059
1999,S09_Sess05_FB060
2000,S09_Sess05_FB061
2001,S09_Sess05_FB062
2002,S09_Sess05_FB063
2003,S09_Sess05_FB064
2004,S09_Sess05_FB065
2005,S09_Sess05_FB066
2006,S09_Sess05_FB067
2007,S09_Sess05_FB068
2008,S09_Sess05_FB069
2009,S09_Sess05_FB070
2010,S09_Sess05_FB071
2011,S09_Sess05_FB072
2012,S09_Sess05_FB073
2013,S09_Sess05_FB074
2014,S09_Sess05_FB075
2015,S09_Sess05_FB076
2016,S09_Sess05_FB077
2017,S09_Sess05_FB078
2018,S09_Sess05_FB079
2019,S09_Sess05_FB080
2020,S09_Sess05_FB081
2021,S09_Sess05_FB082
2022,S09_Sess05_FB083
2023,S09_Sess05_FB084
2024,S09_Sess05_FB085
2025,S09_Sess05_FB086
2026,S09_Sess05_FB087
2027,S09_Sess05_FB088
2028,S09_Sess05_FB089
2029,S09_Sess05_FB090
2030,S09_Sess05_FB091
2031,S09_Sess05_FB092
2032,S09_Sess05_FB093
2033,S09_Sess05_FB094
2034,S09_Sess05_FB095
2035,S09_Sess05_FB096
2036,S09_Sess05_FB097
2037,S09_Sess05_FB098
2038,S09_Sess05_FB099
2039,S09_Sess05_FB100
2040,S10_Sess01_FB001
2041,S10_Sess01_FB002
2042,S10_Sess01_FB003
2043,S10_Sess01_FB004
2044,S10_Sess01_FB005
2045,S10_Sess01_FB006
2046,S10_Sess01_FB007
2047,S10_Sess01_FB008
2048,S10_Sess01_FB009
2049,S10_Sess01_FB010
2050,S10_Sess01_FB011
2051,S10_Sess01_FB012
2052,S10_Sess01_FB013
2053,S10_Sess01_FB014
2054,S10_Sess01_FB015
2055,S10_Sess01_FB016
2056,S10_Sess01_FB017
2057,S10_Sess01_FB018
2058,S10_Sess01_FB019
2059,S10_Sess01_FB020
2060,S10_Sess01_FB021
2061,S10_Sess01_FB022
2062,S10_Sess01_FB023
2063,S10_Sess01_FB024
2064,S10_Sess01_FB025
2065,S10_Sess01_FB026
2066,S10_Sess01_FB027
2067,S10_Sess01_FB028
2068,S10_Sess01_FB029
2069,S10_Sess01_FB030
2070,S10_Sess01_FB031
2071,S10_Sess01_FB032
2072,S10_Sess01_FB033
2073,S10_Sess01_FB034
2074,S10_Sess01_FB035
2075,S10_Sess01_FB036
2076,S10_Sess01_FB037
2077,S10_Sess01_FB038
2078,S10_Sess01_FB039
2079,S10_Sess01_FB040
2080,S10_Sess01_FB041
2081,S10_Sess01_FB042
2082,S10_Sess01_FB043
2083,S10_Sess01_FB044
2084,S10_Sess01_FB045
2085,S10_Sess01_FB046
2086,S10_Sess01_FB047
2087,S10_Sess01_FB048
2088,S10_Sess01_FB049
2089,S10_Sess01_FB050
2090,S10_Sess01_FB051
2091,S10_Sess01_FB052
2092,S10_Sess01_FB053
2093,S10_Sess01_FB054
2094,S10_Sess01_FB055
2095,S10_Sess01_FB056
2096,S10_Sess01_FB057
2097,S10_Sess01_FB058
2098,S10_Sess01_FB059
2099,S10_Sess01_FB060
2100,S10_Sess02_FB001
2101,S10_Sess02_FB002
2102,S10_Sess02_FB003
2103,S10_Sess02_FB004
2104,S10_Sess02_FB005
2105,S10_Sess02_FB006
2106,S10_Sess02_FB007
2107,S10_Sess02_FB008
2108,S10_Sess02_FB009
2109,S10_Sess02_FB010
2110,S10_Sess02_FB011
2111,S10_Sess02_FB012
2112,S10_Sess02_FB013
2113,S10_Sess02_FB014
2114,S10_Sess02_FB015
2115,S10_Sess02_FB016
2116,S10_Sess02_FB017
2117,S10_Sess02_FB018
2118,S10_Sess02_FB019
2119,S10_Sess02_FB020
2120,S10_Sess02_FB021
2121,S10_Sess02_FB022
2122,S10_Sess02_FB023
2123,S10_Sess02_FB024
2124,S10_Sess02_FB025
2125,S10_Sess02_FB026
2126,S10_Sess02_FB027
2127,S10_Sess02_FB028
2128,S10_Sess02_FB029
2129,S10_Sess02_FB030
2130,S10_Sess02_FB031
2131,S10_Sess02_FB032
2132,S10_Sess02_FB033
2133,S10_Sess02_FB034
2134,S10_Sess02_FB035
2135,S10_Sess02_FB036
2136,S10_Sess02_FB037
2137,S10_Sess02_FB038
2138,S10_Sess02_FB039
2139,S10_Sess02_FB040
2140,S10_Sess02_FB041
2141,S10_Sess02_FB042
2142,S10_Sess02_FB043
2143,S10_Sess02_FB044
2144,S10_Sess02_FB045
2145,S10_Sess02_FB046
2146,S10_Sess02_FB047
2147,S10_Sess02_FB048
2148,S10_Sess02_FB049
2149,S10_Sess02_FB050
2150,S10_Sess02_FB051
2151,S10_Sess02_FB052
2152,S10_Sess02_FB053
2153,S10_Sess02_FB054
2154,S10_Sess02_FB055
2155,S10_Sess02_FB056
2156,S10_Sess02_FB057
2157,S10_Sess02_FB058
2158,S10_Sess02_FB059
2159,S10_Sess02_FB060
2160,S10_Sess03_FB001
2161,S10_Sess03_FB002
2162,S10_Sess03_FB003
2163,S10_Sess03_FB004
2164,S10_Sess03_FB005
2165,S10_Sess03_FB006
2166,S10_Sess03_FB007
2167,S10_Sess03_FB008
2168,S10_Sess03_FB009
2169,S10_Sess03_FB010
2170,S10_Sess03_FB011
2171,S10_Sess03_FB012
2172,S10_Sess03_FB013
2173,S10_Sess03_FB014
2174,S10_Sess03_FB015
2175,S10_Sess03_FB016
2176,S10_Sess03_FB017
2177,S10_Sess03_FB018
2178,S10_Sess03_FB019
2179,S10_Sess03_FB020
2180,S10_Sess03_FB021
2181,S10_Sess03_FB022
2182,S10_Sess03_FB023
2183,S10_Sess03_FB024
2184,S10_Sess03_FB025
2185,S10_Sess03_FB026
2186,S10_Sess03_FB027
2187,S10_Sess03_FB028
2188,S10_Sess03_FB029
2189,S10_Sess03_FB030
2190,S10_Sess03_FB031
2191,S10_Sess03_FB032
2192,S10_Sess03_FB033
2193,S10_Sess03_FB034
2194,S10_Sess03_FB035
2195,S10_Sess03_FB036
2196,S10_Sess03_FB037
2197,S10_Sess03_FB038
2198,S10_Sess03_FB039
2199,S10_Sess03_FB040
2200,S10_Sess03_FB041
2201,S10_Sess03_FB042
2202,S10_Sess03_FB043
2203,S10_Sess03_FB044
2204,S10_Sess03_FB045
2205,S10_Sess03_FB046
2206,S10_Sess03_FB047
2207,S10_Sess03_FB048
2208,S10_Sess03_FB049
2209,S10_Sess03_FB050
2210,S10_Sess03_FB051
2211,S10_Sess03_FB052
2212,S10_Sess03_FB053
2213,S10_Sess03_FB054
2214,S10_Sess03_FB055
2215,S10_Sess03_FB056
2216,S10_Sess03_FB057
2217,S10_Sess03_FB058
2218,S10_Sess03_FB059
2219,S10_Sess03_FB060
2220,S10_Sess04_FB001
2221,S10_Sess04_FB002
2222,S10_Sess04_FB003
2223,S10_Sess04_FB004
2224,S10_Sess04_FB005
2225,S10_Sess04_FB006
2226,S10_Sess04_FB007
2227,S10_Sess04_FB008
2228,S10_Sess04_FB009
2229,S10_Sess04_FB010
2230,S10_Sess04_FB011
2231,S10_Sess04_FB012
2232,S10_Sess04_FB013
2233,S10_Sess04_FB014
2234,S10_Sess04_FB015
2235,S10_Sess04_FB016
2236,S10_Sess04_FB017
2237,S10_Sess04_FB018
2238,S10_Sess04_FB019
2239,S10_Sess04_FB020
2240,S10_Sess04_FB021
2241,S10_Sess04_FB022
2242,S10_Sess04_FB023
2243,S10_Sess04_FB024
2244,S10_Sess04_FB025
2245,S10_Sess04_FB026
2246,S10_Sess04_FB027
2247,S10_Sess04_FB028
2248,S10_Sess04_FB029
2249,S10_Sess04_FB030
2250,S10_Sess04_FB031
2251,S10_Sess04_FB032
2252,S10_Sess04_FB033
2253,S10_Sess04_FB034
2254,S10_Sess04_FB035
2255,S10_Sess04_FB036
2256,S10_Sess04_FB037
2257,S10_Sess04_FB038
2258,S10_Sess04_FB039
2259,S10_Sess04_FB040
2260,S10_Sess04_FB041
2261,S10_Sess04_FB042
2262,S10_Sess04_FB043
2263,S10_Sess04_FB044
2264,S10_Sess04_FB045
2265,S10_Sess04_FB046
2266,S10_Sess04_FB047
2267,S10_Sess04_FB048
2268,S10_Sess04_FB049
2269,S10_Sess04_FB050
2270,S10_Sess04_FB051
2271,S10_Sess04_FB052
2272,S10_Sess04_FB053
2273,S10_Sess04_FB054
2274,S10_Sess04_FB055
2275,S10_Sess04_FB056
2276,S10_Sess04_FB057
2277,S10_Sess04_FB058
2278,S10_Sess04_FB059
2279,S10_Sess04_FB060
2280,S10_Sess05_FB001
2281,S10_Sess05_FB002
2282,S10_Sess05_FB003
2283,S10_Sess05_FB004
2284,S10_Sess05_FB005
2285,S10_Sess05_FB006
2286,S10_Sess05_FB007
2287,S10_Sess05_FB008
2288,S10_Sess05_FB009
2289,S10_Sess05_FB010
2290,S10_Sess05_FB011
2291,S10_Sess05_FB012
2292,S10_Sess05_FB013
2293,S10_Sess05_FB014
2294,S10_Sess05_FB015
2295,S10_Sess05_FB016
2296,S10_Sess05_FB017
2297,S10_Sess05_FB018
2298,S10_Sess05_FB019
2299,S10_Sess05_FB020
2300,S10_Sess05_FB021
2301,S10_Sess05_FB022
2302,S10_Sess05_FB023
2303,S10_Sess05_FB024
2304,S10_Sess05_FB025
2305,S10_Sess05_FB026
2306,S10_Sess05_FB027
2307,S10_Sess05_FB028
2308,S10_Sess05_FB029
2309,S10_Sess05_FB030
2310,S10_Sess05_FB031
2311,S10_Sess05_FB032
2312,S10_Sess05_FB033
2313,S10_Sess05_FB034
2314,S10_Sess05_FB035
2315,S10_Sess05_FB036
2316,S10_Sess05_FB037
2317,S10_Sess05_FB038
2318,S10_Sess05_FB039
2319,S10_Sess05_FB040
2320,S10_Sess05_FB041
2321,S10_Sess05_FB042
2322,S10_Sess05_FB043
2323,S10_Sess05_FB044
2324,S10_Sess05_FB045
2325,S10_Sess05_FB046
2326,S10_Sess05_FB047
2327,S10_Sess05_FB048
2328,S10_Sess05_FB049
2329,S10_Sess05_FB050
2330,S10_Sess05_FB051
2331,S10_Sess05_FB052
2332,S10_Sess05_FB053
2333,S10_Sess05_FB054
2334,S10_Sess05_FB055
2335,S10_Sess05_FB056
2336,S10_Sess05_FB057
2337,S10_Sess05_FB058
2338,S10_Sess05_FB059
2339,S10_Sess05_FB060
2340,S10_Sess05_FB061
2341,S10_Sess05_FB062
2342,S10_Sess05_FB063
2343,S10_Sess05_FB064
2344,S10_Sess05_FB065
2345,S10_Sess05_FB066
2346,S10_Sess05_FB067
2347,S10_Sess05_FB068
2348,S10_Sess05_FB069
2349,S10_Sess05_FB070
2350,S10_Sess05_FB071
2351,S10_Sess05_FB072
2352,S10_Sess05_FB073
2353,S10_Sess05_FB074
2354,S10_Sess05_FB075
2355,S10_Sess05_FB076
2356,S10_Sess05_FB077
2357,S10_Sess05_FB078
2358,S10_Sess05_FB079
2359,S10_Sess05_FB080
2360,S10_Sess05_FB081
2361,S10_Sess05_FB082
2362,S10_Sess05_FB083
2363,S10_Sess05_FB084
2364,S10_Sess05_FB085
2365,S10_Sess05_FB086
2366,S10_Sess05_FB087
2367,S10_Sess05_FB088
2368,S10_Sess05_FB089
2369,S10_Sess05_FB090
2370,S10_Sess05_FB091
2371,S10_Sess05_FB092
2372,S10_Sess05_FB093
2373,S10_Sess05_FB094
2374,S10_Sess05_FB095
2375,S10_Sess05_FB096
2376,S10_Sess05_FB097
2377,S10_Sess05_FB098
2378,S10_Sess05_FB099
2379,S10_Sess05_FB100
2380,S15_Sess01_FB001
2381,S15_Sess01_FB002
2382,S15_Sess01_FB003
2383,S15_Sess01_FB004
2384,S15_Sess01_FB005
2385,S15_Sess01_FB006
2386,S15_Sess01_FB007
2387,S15_Sess01_FB008
2388,S15_Sess01_FB009
2389,S15_Sess01_FB010
2390,S15_Sess01_FB011
2391,S15_Sess01_FB012
2392,S15_Sess01_FB013
2393,S15_Sess01_FB014
2394,S15_Sess01_FB015
2395,S15_Sess01_FB016
2396,S15_Sess01_FB017
2397,S15_Sess01_FB018
2398,S15_Sess01_FB019
2399,S15_Sess01_FB020
2400,S15_Sess01_FB021
2401,S15_Sess01_FB022
2402,S15_Sess01_FB023
2403,S15_Sess01_FB024
2404,S15_Sess01_FB025
2405,S15_Sess01_FB026
2406,S15_Sess01_FB027
2407,S15_Sess01_FB028
2408,S15_Sess01_FB029
2409,S15_Sess01_FB030
2410,S15_Sess01_FB031
2411,S15_Sess01_FB032
2412,S15_Sess01_FB033
2413,S15_Sess01_FB034
2414,S15_Sess01_FB035
2415,S15_Sess01_FB036
2416,S15_Sess01_FB037
2417,S15_Sess01_FB038
2418,S15_Sess01_FB039
2419,S15_Sess01_FB040
2420,S15_Sess01_FB041
2421,S15_Sess01_FB042
2422,S15_Sess01_FB043
2423,S15_Sess01_FB044
2424,S15_Sess01_FB045
2425,S15_Sess01_FB046
2426,S15_Sess01_FB047
2427,S15_Sess01_FB048
2428,S15_Sess01_FB049
2429,S15_Sess01_FB050
2430,S15_Sess01_FB051
2431,S15_Sess01_FB052
2432,S15_Sess01_FB053
2433,S15_Sess01_FB054
2434,S15_Sess01_FB055
2435,S15_Sess01_FB056
2436,S15_Sess01_FB057
2437,S15_Sess01_FB058
2438,S15_Sess01_FB059
2439,S15_Sess01_FB060
2440,S15_Sess02_FB001
2441,S15_Sess02_FB002
2442,S15_Sess02_FB003
2443,S15_Sess02_FB004
2444,S15_Sess02_FB005
2445,S15_Sess02_FB006
2446,S15_Sess02_FB007
2447,S15_Sess02_FB008
2448,S15_Sess02_FB009
2449,S15_Sess02_FB010
2450,S15_Sess02_FB011
2451,S15_Sess02_FB012
2452,S15_Sess02_FB013
2453,S15_Sess02_FB014
2454,S15_Sess02_FB015
2455,S15_Sess02_FB016
2456,S15_Sess02_FB017
2457,S15_Sess02_FB018
2458,S15_Sess02_FB019
2459,S15_Sess02_FB020
2460,S15_Sess02_FB021
2461,S15_Sess02_FB022
2462,S15_Sess02_FB023
2463,S15_Sess02_FB024
2464,S15_Sess02_FB025
2465,S15_Sess02_FB026
2466,S15_Sess02_FB027
2467,S15_Sess02_FB028
2468,S15_Sess02_FB029
2469,S15_Sess02_FB030
2470,S15_Sess02_FB031
2471,S15_Sess02_FB032
2472,S15_Sess02_FB033
2473,S15_Sess02_FB034
2474,S15_Sess02_FB035
2475,S15_Sess02_FB036
2476,S15_Sess02_FB037
2477,S15_Sess02_FB038
2478,S15_Sess02_FB039
2479,S15_Sess02_FB040
2480,S15_Sess02_FB041
2481,S15_Sess02_FB042
2482,S15_Sess02_FB043
2483,S15_Sess02_FB044
2484,S15_Sess02_FB045
2485,S15_Sess02_FB046
2486,S15_Sess02_FB047
2487,S15_Sess02_FB048
2488,S15_Sess02_FB049
2489,S15_Sess02_FB050
2490,S15_Sess02_FB051
2491,S15_Sess02_FB052
2492,S15_Sess02_FB053
2493,S15_Sess02_FB054
2494,S15_Sess02_FB055
2495,S15_Sess02_FB056
2496,S15_Sess02_FB057
2497,S15_Sess02_FB058
2498,S15_Sess02_FB059
2499,S15_Sess02_FB060
2500,S15_Sess03_FB001
2501,S15_Sess03_FB002
2502,S15_Sess03_FB003
2503,S15_Sess03_FB004
2504,S15_Sess03_FB005
2505,S15_Sess03_FB006
2506,S15_Sess03_FB007
2507,S15_Sess03_FB008
2508,S15_Sess03_FB009
2509,S15_Sess03_FB010
2510,S15_Sess03_FB011
2511,S15_Sess03_FB012
2512,S15_Sess03_FB013
2513,S15_Sess03_FB014
2514,S15_Sess03_FB015
2515,S15_Sess03_FB016
2516,S15_Sess03_FB017
2517,S15_Sess03_FB018
2518,S15_Sess03_FB019
2519,S15_Sess03_FB020
2520,S15_Sess03_FB021
2521,S15_Sess03_FB022
2522,S15_Sess03_FB023
2523,S15_Sess03_FB024
2524,S15_Sess03_FB025
2525,S15_Sess03_FB026
2526,S15_Sess03_FB027
2527,S15_Sess03_FB028
2528,S15_Sess03_FB029
2529,S15_Sess03_FB030
2530,S15_Sess03_FB031
2531,S15_Sess03_FB032
2532,S15_Sess03_FB033
2533,S15_Sess03_FB034
2534,S15_Sess03_FB035
2535,S15_Sess03_FB036
2536,S15_Sess03_FB037
2537,S15_Sess03_FB038
2538,S15_Sess03_FB039
2539,S15_Sess03_FB040
2540,S15_Sess03_FB041
2541,S15_Sess03_FB042
2542,S15_Sess03_FB043
2543,S15_Sess03_FB044
2544,S15_Sess03_FB045
2545,S15_Sess03_FB046
2546,S15_Sess03_FB047
2547,S15_Sess03_FB048
2548,S15_Sess03_FB049
2549,S15_Sess03_FB050
2550,S15_Sess03_FB051
2551,S15_Sess03_FB052
2552,S15_Sess03_FB053
2553,S15_Sess03_FB054
2554,S15_Sess03_FB055
2555,S15_Sess03_FB056
2556,S15_Sess03_FB057
2557,S15_Sess03_FB058
2558,S15_Sess03_FB059
2559,S15_Sess03_FB060
2560,S15_Sess04_FB001
2561,S15_Sess04_FB002
2562,S15_Sess04_FB003
2563,S15_Sess04_FB004
2564,S15_Sess04_FB005
2565,S15_Sess04_FB006
2566,S15_Sess04_FB007
2567,S15_Sess04_FB008
2568,S15_Sess04_FB009
2569,S15_Sess04_FB010
2570,S15_Sess04_FB011
2571,S15_Sess04_FB012
2572,S15_Sess04_FB013
2573,S15_Sess04_FB014
2574,S15_Sess04_FB015
2575,S15_Sess04_FB016
2576,S15_Sess04_FB017
2577,S15_Sess04_FB018
2578,S15_Sess04_FB019
2579,S15_Sess04_FB020
2580,S15_Sess04_FB021
2581,S15_Sess04_FB022
2582,S15_Sess04_FB023
2583,S15_Sess04_FB024
2584,S15_Sess04_FB025
2585,S15_Sess04_FB026
2586,S15_Sess04_FB027
2587,S15_Sess04_FB028
2588,S15_Sess04_FB029
2589,S15_Sess04_FB030
2590,S15_Sess04_FB031
2591,S15_Sess04_FB032
2592,S15_Sess04_FB033
2593,S15_Sess04_FB034
2594,S15_Sess04_FB035
2595,S15_Sess04_FB036
2596,S15_Sess04_FB037
2597,S15_Sess04_FB038
2598,S15_Sess04_FB039
2599,S15_Sess04_FB040
2600,S15_Sess04_FB041
2601,S15_Sess04_FB042
2602,S15_Sess04_FB043
2603,S15_Sess04_FB044
2604,S15_Sess04_FB045
2605,S15_Sess04_FB046
2606,S15_Sess04_FB047
2607,S15_Sess04_FB048
2608,S15_Sess04_FB049
2609,S15_Sess04_FB050
2610,S15_Sess04_FB051
2611,S15_Sess04_FB052
2612,S15_Sess04_FB053
2613,S15_Sess04_FB054
2614,S15_Sess04_FB055
2615,S15_Sess04_FB056
2616,S15_Sess04_FB057
2617,S15_Sess04_FB058
2618,S15_Sess04_FB059
2619,S15_Sess04_FB060
2620,S15_Sess05_FB001
2621,S15_Sess05_FB002
2622,S15_Sess05_FB003
2623,S15_Sess05_FB004
2624,S15_Sess05_FB005
2625,S15_Sess05_FB006
2626,S15_Sess05_FB007
2627,S15_Sess05_FB008
2628,S15_Sess05_FB009
2629,S15_Sess05_FB010
2630,S15_Sess05_FB011
2631,S15_Sess05_FB012
2632,S15_Sess05_FB013
2633,S15_Sess05_FB014
2634,S15_Sess05_FB015
2635,S15_Sess05_FB016
2636,S15_Sess05_FB017
2637,S15_Sess05_FB018
2638,S15_Sess05_FB019
2639,S15_Sess05_FB020
2640,S15_Sess05_FB021
2641,S15_Sess05_FB022
2642,S15_Sess05_FB023
2643,S15_Sess05_FB024
2644,S15_Sess05_FB025
2645,S15_Sess05_FB026
2646,S15_Sess05_FB027
2647,S15_Sess05_FB028
2648,S15_Sess05_FB029
2649,S15_Sess05_FB030
2650,S15_Sess05_FB031
2651,S15_Sess05_FB032
2652,S15_Sess05_FB033
2653,S15_Sess05_FB034
2654,S15_Sess05_FB035
2655,S15_Sess05_FB036
2656,S15_Sess05_FB037
2657,S15_Sess05_FB038
2658,S15_Sess05_FB039
2659,S15_Sess05_FB040
2660,S15_Sess05_FB041
2661,S15_Sess05_FB042
2662,S15_Sess05_FB043
2663,S15_Sess05_FB044
2664,S15_Sess05_FB045
2665,S15_Sess05_FB046
2666,S15_Sess05_FB047
2667,S15_Sess05_FB048
2668,S15_Sess05_FB049
2669,S15_Sess05_FB050
2670,S15_Sess05_FB051
2671,S15_Sess05_FB052
2672,S15_Sess05_FB053
2673,S15_Sess05_FB054
2674,S15_Sess05_FB055
2675,S15_Sess05_FB056
2676,S15_Sess05_FB057
2677,S15_Sess05_FB058
2678,S15_Sess05_FB059
2679,S15_Sess05_FB060
2680,S15_Sess05_FB061
2681,S15_Sess05_FB062
2682,S15_Sess05_FB063
2683,S15_Sess05_FB064
2684,S15_Sess05_FB065
2685,S15_Sess05_FB066
2686,S15_Sess05_FB067
2687,S15_Sess05_FB068
2688,S15_Sess05_FB069
2689,S15_Sess05_FB070
2690,S15_Sess05_FB071
2691,S15_Sess05_FB072
2692,S15_Sess05_FB073
2693,S15_Sess05_FB074
2694,S15_Sess05_FB075
2695,S15_Sess05_FB076
2696,S15_Sess05_FB077
2697,S15_Sess05_FB078
2698,S15_Sess05_FB079
2699,S15_Sess05_FB080
2700,S15_Sess05_FB081
2701,S15_Sess05_FB082
2702,S15_Sess05_FB083
2703,S15_Sess05_FB084
2704,S15_Sess05_FB085
2705,S15_Sess05_FB086
2706,S15_Sess05_FB087
2707,S15_Sess05_FB088
2708,S15_Sess05_FB089
2709,S15_Sess05_FB090
2710,S15_Sess05_FB091
2711,S15_Sess05_FB092
2712,S15_Sess05_FB093
2713,S15_Sess05_FB094
2714,S15_Sess05_FB095
2715,S15_Sess05_FB096
2716,S15_Sess05_FB097
2717,S15_Sess05_FB098
2718,S15_Sess05_FB099
2719,S15_Sess05_FB100
2720,S19_Sess01_FB001
2721,S19_Sess01_FB002
2722,S19_Sess01_FB003
2723,S19_Sess01_FB004
2724,S19_Sess01_FB005
2725,S19_Sess01_FB006
2726,S19_Sess01_FB007
2727,S19_Sess01_FB008
2728,S19_Sess01_FB009
2729,S19_Sess01_FB010
2730,S19_Sess01_FB011
2731,S19_Sess01_FB012
2732,S19_Sess01_FB013
2733,S19_Sess01_FB014
2734,S19_Sess01_FB015
2735,S19_Sess01_FB016
2736,S19_Sess01_FB017
2737,S19_Sess01_FB018
2738,S19_Sess01_FB019
2739,S19_Sess01_FB020
2740,S19_Sess01_FB021
2741,S19_Sess01_FB022
2742,S19_Sess01_FB023
2743,S19_Sess01_FB024
2744,S19_Sess01_FB025
2745,S19_Sess01_FB026
2746,S19_Sess01_FB027
2747,S19_Sess01_FB028
2748,S19_Sess01_FB029
2749,S19_Sess01_FB030
2750,S19_Sess01_FB031
2751,S19_Sess01_FB032
2752,S19_Sess01_FB033
2753,S19_Sess01_FB034
2754,S19_Sess01_FB035
2755,S19_Sess01_FB036
2756,S19_Sess01_FB037
2757,S19_Sess01_FB038
2758,S19_Sess01_FB039
2759,S19_Sess01_FB040
2760,S19_Sess01_FB041
2761,S19_Sess01_FB042
2762,S19_Sess01_FB043
2763,S19_Sess01_FB044
2764,S19_Sess01_FB045
2765,S19_Sess01_FB046
2766,S19_Sess01_FB047
2767,S19_Sess01_FB048
2768,S19_Sess01_FB049
2769,S19_Sess01_FB050
2770,S19_Sess01_FB051
2771,S19_Sess01_FB052
2772,S19_Sess01_FB053
2773,S19_Sess01_FB054
2774,S19_Sess01_FB055
2775,S19_Sess01_FB056
2776,S19_Sess01_FB057
2777,S19_Sess01_FB058
2778,S19_Sess01_FB059
2779,S19_Sess01_FB060
2780,S19_Sess02_FB001
2781,S19_Sess02_FB002
2782,S19_Sess02_FB003
2783,S19_Sess02_FB004
2784,S19_Sess02_FB005
2785,S19_Sess02_FB006
2786,S19_Sess02_FB007
2787,S19_Sess02_FB008
2788,S19_Sess02_FB009
2789,S19_Sess02_FB010
2790,S19_Sess02_FB011
2791,S19_Sess02_FB012
2792,S19_Sess02_FB013
2793,S19_Sess02_FB014
2794,S19_Sess02_FB015
2795,S19_Sess02_FB016
2796,S19_Sess02_FB017
2797,S19_Sess02_FB018
2798,S19_Sess02_FB019
2799,S19_Sess02_FB020
2800,S19_Sess02_FB021
2801,S19_Sess02_FB022
2802,S19_Sess02_FB023
2803,S19_Sess02_FB024
2804,S19_Sess02_FB025
2805,S19_Sess02_FB026
2806,S19_Sess02_FB027
2807,S19_Sess02_FB028
2808,S19_Sess02_FB029
2809,S19_Sess02_FB030
2810,S19_Sess02_FB031
2811,S19_Sess02_FB032
2812,S19_Sess02_FB033
2813,S19_Sess02_FB034
2814,S19_Sess02_FB035
2815,S19_Sess02_FB036
2816,S19_Sess02_FB037
2817,S19_Sess02_FB038
2818,S19_Sess02_FB039
2819,S19_Sess02_FB040
2820,S19_Sess02_FB041
2821,S19_Sess02_FB042
2822,S19_Sess02_FB043
2823,S19_Sess02_FB044
2824,S19_Sess02_FB045
2825,S19_Sess02_FB046
2826,S19_Sess02_FB047
2827,S19_Sess02_FB048
2828,S19_Sess02_FB049
2829,S19_Sess02_FB050
2830,S19_Sess02_FB051
2831,S19_Sess02_FB052
2832,S19_Sess02_FB053
2833,S19_Sess02_FB054
2834,S19_Sess02_FB055
2835,S19_Sess02_FB056
2836,S19_Sess02_FB057
2837,S19_Sess02_FB058
2838,S19_Sess02_FB059
2839,S19_Sess02_FB060
2840,S19_Sess03_FB001
2841,S19_Sess03_FB002
2842,S19_Sess03_FB003
2843,S19_Sess03_FB004
2844,S19_Sess03_FB005
2845,S19_Sess03_FB006
2846,S19_Sess03_FB007
2847,S19_Sess03_FB008
2848,S19_Sess03_FB009
2849,S19_Sess03_FB010
2850,S19_Sess03_FB011
2851,S19_Sess03_FB012
2852,S19_Sess03_FB013
2853,S19_Sess03_FB014
2854,S19_Sess03_FB015
2855,S19_Sess03_FB016
2856,S19_Sess03_FB017
2857,S19_Sess03_FB018
2858,S19_Sess03_FB019
2859,S19_Sess03_FB020
2860,S19_Sess03_FB021
2861,S19_Sess03_FB022
2862,S19_Sess03_FB023
2863,S19_Sess03_FB024
2864,S19_Sess03_FB025
2865,S19_Sess03_FB026
2866,S19_Sess03_FB027
2867,S19_Sess03_FB028
2868,S19_Sess03_FB029
2869,S19_Sess03_FB030
2870,S19_Sess03_FB031
2871,S19_Sess03_FB032
2872,S19_Sess03_FB033
2873,S19_Sess03_FB034
2874,S19_Sess03_FB035
2875,S19_Sess03_FB036
2876,S19_Sess03_FB037
2877,S19_Sess03_FB038
2878,S19_Sess03_FB039
2879,S19_Sess03_FB040
2880,S19_Sess03_FB041
2881,S19_Sess03_FB042
2882,S19_Sess03_FB043
2883,S19_Sess03_FB044
2884,S19_Sess03_FB045
2885,S19_Sess03_FB046
2886,S19_Sess03_FB047
2887,S19_Sess03_FB048
2888,S19_Sess03_FB049
2889,S19_Sess03_FB050
2890,S19_Sess03_FB051
2891,S19_Sess03_FB052
2892,S19_Sess03_FB053
2893,S19_Sess03_FB054
2894,S19_Sess03_FB055
2895,S19_Sess03_FB056
2896,S19_Sess03_FB057
2897,S19_Sess03_FB058
2898,S19_Sess03_FB059
2899,S19_Sess03_FB060
2900,S19_Sess04_FB001
2901,S19_Sess04_FB002
2902,S19_Sess04_FB003
2903,S19_Sess04_FB004
2904,S19_Sess04_FB005
2905,S19_Sess04_FB006
2906,S19_Sess04_FB007
2907,S19_Sess04_FB008
2908,S19_Sess04_FB009
2909,S19_Sess04_FB010
2910,S19_Sess04_FB011
2911,S19_Sess04_FB012
2912,S19_Sess04_FB013
2913,S19_Sess04_FB014
2914,S19_Sess04_FB015
2915,S19_Sess04_FB016
2916,S19_Sess04_FB017
2917,S19_Sess04_FB018
2918,S19_Sess04_FB019
2919,S19_Sess04_FB020
2920,S19_Sess04_FB021
2921,S19_Sess04_FB022
2922,S19_Sess04_FB023
2923,S19_Sess04_FB024
2924,S19_Sess04_FB025
2925,S19_Sess04_FB026
2926,S19_Sess04_FB027
2927,S19_Sess04_FB028
2928,S19_Sess04_FB029
2929,S19_Sess04_FB030
2930,S19_Sess04_FB031
2931,S19_Sess04_FB032
2932,S19_Sess04_FB033
2933,S19_Sess04_FB034
2934,S19_Sess04_FB035
2935,S19_Sess04_FB036
2936,S19_Sess04_FB037
2937,S19_Sess04_FB038
2938,S19_Sess04_FB039
2939,S19_Sess04_FB040
2940,S19_Sess04_FB041
2941,S19_Sess04_FB042
2942,S19_Sess04_FB043
2943,S19_Sess04_FB044
2944,S19_Sess04_FB045
2945,S19_Sess04_FB046
2946,S19_Sess04_FB047
2947,S19_Sess04_FB048
2948,S19_Sess04_FB049
2949,S19_Sess04_FB050
2950,S19_Sess04_FB051
2951,S19_Sess04_FB052
2952,S19_Sess04_FB053
2953,S19_Sess04_FB054
2954,S19_Sess04_FB055
2955,S19_Sess04_FB056
2956,S19_Sess04_FB057
2957,S19_Sess04_FB058
2958,S19_Sess04_FB059
2959,S19_Sess04_FB060
2960,S19_Sess05_FB001
2961,S19_Sess05_FB002
2962,S19_Sess05_FB003
2963,S19_Sess05_FB004
2964,S19_Sess05_FB005
2965,S19_Sess05_FB006
2966,S19_Sess05_FB007
2967,S19_Sess05_FB008
2968,S19_Sess05_FB009
2969,S19_Sess05_FB010
2970,S19_Sess05_FB011
2971,S19_Sess05_FB012
2972,S19_Sess05_FB013
2973,S19_Sess05_FB014
2974,S19_Sess05_FB015
2975,S19_Sess05_FB016
2976,S19_Sess05_FB017
2977,S19_Sess05_FB018
2978,S19_Sess05_FB019
2979,S19_Sess05_FB020
2980,S19_Sess05_FB021
2981,S19_Sess05_FB022
2982,S19_Sess05_FB023
2983,S19_Sess05_FB024
2984,S19_Sess05_FB025
2985,S19_Sess05_FB026
2986,S19_Sess05_FB027
2987,S19_Sess05_FB028
2988,S19_Sess05_FB029
2989,S19_Sess05_FB030
2990,S19_Sess05_FB031
2991,S19_Sess05_FB032
2992,S19_Sess05_FB033
2993,S19_Sess05_FB034
2994,S19_Sess05_FB035
2995,S19_Sess05_FB036
2996,S19_Sess05_FB037
2997,S19_Sess05_FB038
2998,S19_Sess05_FB039
2999,S19_Sess05_FB040
3000,S19_Sess05_FB041
3001,S19_Sess05_FB042
3002,S19_Sess05_FB043
3003,S19_Sess05_FB044
3004,S19_Sess05_FB045
3005,S19_Sess05_FB046
3006,S19_Sess05_FB047
3007,S19_Sess05_FB048
3008,S19_Sess05_FB049
3009,S19_Sess05_FB050
3010,S19_Sess05_FB051
3011,S19_Sess05_FB052
3012,S19_Sess05_FB053
3013,S19_Sess05_FB054
3014,S19_Sess05_FB055
3015,S19_Sess05_FB056
3016,S19_Sess05_FB057
3017,S19_Sess05_FB058
3018,S19_Sess05_FB059
3019,S19_Sess05_FB060
3020,S19_Sess05_FB061
3021,S19_Sess05_FB062
3022,S19_Sess05_FB063
3023,S19_Sess05_FB064
3024,S19_Sess05_FB065
3025,S19_Sess05_FB066
3026,S19_Sess05_FB067
3027,S19_Sess05_FB068
3028,S19_Sess05_FB069
3029,S19_Sess05_FB070
3030,S19_Sess05_FB071
3031,S19_Sess05_FB072
3032,S19_Sess05_FB073
3033,S19_Sess05_FB074
3034,S19_Sess05_FB075
3035,S19_Sess05_FB076
3036,S19_Sess05_FB077
3037,S19_Sess05_FB078
3038,S19_Sess05_FB079
3039,S19_Sess05_FB080
3040,S19_Sess05_FB081
3041,S19_Sess05_FB082
3042,S19_Sess05_FB083
3043,S19_Sess05_FB084
3044,S19_Sess05_FB085
3045,S19_Sess05_FB086
3046,S19_Sess05_FB087
3047,S19_Sess05_FB088
3048,S19_Sess05_FB089
3049,S19_Sess05_FB090
3050,S19_Sess05_FB091
3051,S19_Sess05_FB092
3052,S19_Sess05_FB093
3053,S19_Sess05_FB094
3054,S19_Sess05_FB095
3055,S19_Sess05_FB096
3056,S19_Sess05_FB097
3057,S19_Sess05_FB098
3058,S19_Sess05_FB099
3059,S19_Sess05_FB100
3060,S25_Sess01_FB001
3061,S25_Sess01_FB002
3062,S25_Sess01_FB003
3063,S25_Sess01_FB004
3064,S25_Sess01_FB005
3065,S25_Sess01_FB006
3066,S25_Sess01_FB007
3067,S25_Sess01_FB008
3068,S25_Sess01_FB009
3069,S25_Sess01_FB010
3070,S25_Sess01_FB011
3071,S25_Sess01_FB012
3072,S25_Sess01_FB013
3073,S25_Sess01_FB014
3074,S25_Sess01_FB015
3075,S25_Sess01_FB016
3076,S25_Sess01_FB017
3077,S25_Sess01_FB018
3078,S25_Sess01_FB019
3079,S25_Sess01_FB020
3080,S25_Sess01_FB021
3081,S25_Sess01_FB022
3082,S25_Sess01_FB023
3083,S25_Sess01_FB024
3084,S25_Sess01_FB025
3085,S25_Sess01_FB026
3086,S25_Sess01_FB027
3087,S25_Sess01_FB028
3088,S25_Sess01_FB029
3089,S25_Sess01_FB030
3090,S25_Sess01_FB031
3091,S25_Sess01_FB032
3092,S25_Sess01_FB033
3093,S25_Sess01_FB034
3094,S25_Sess01_FB035
3095,S25_Sess01_FB036
3096,S25_Sess01_FB037
3097,S25_Sess01_FB038
3098,S25_Sess01_FB039
3099,S25_Sess01_FB040
3100,S25_Sess01_FB041
3101,S25_Sess01_FB042
3102,S25_Sess01_FB043
3103,S25_Sess01_FB044
3104,S25_Sess01_FB045
3105,S25_Sess01_FB046
3106,S25_Sess01_FB047
3107,S25_Sess01_FB048
3108,S25_Sess01_FB049
3109,S25_Sess01_FB050
3110,S25_Sess01_FB051
3111,S25_Sess01_FB052
3112,S25_Sess01_FB053
3113,S25_Sess01_FB054
3114,S25_Sess01_FB055
3115,S25_Sess01_FB056
3116,S25_Sess01_FB057
3117,S25_Sess01_FB058
3118,S25_Sess01_FB059
3119,S25_Sess01_FB060
3120,S25_Sess02_FB001
3121,S25_Sess02_FB002
3122,S25_Sess02_FB003
3123,S25_Sess02_FB004
3124,S25_Sess02_FB005
3125,S25_Sess02_FB006
3126,S25_Sess02_FB007
3127,S25_Sess02_FB008
3128,S25_Sess02_FB009
3129,S25_Sess02_FB010
3130,S25_Sess02_FB011
3131,S25_Sess02_FB012
3132,S25_Sess02_FB013
3133,S25_Sess02_FB014
3134,S25_Sess02_FB015
3135,S25_Sess02_FB016
3136,S25_Sess02_FB017
3137,S25_Sess02_FB018
3138,S25_Sess02_FB019
3139,S25_Sess02_FB020
3140,S25_Sess02_FB021
3141,S25_Sess02_FB022
3142,S25_Sess02_FB023
3143,S25_Sess02_FB024
3144,S25_Sess02_FB025
3145,S25_Sess02_FB026
3146,S25_Sess02_FB027
3147,S25_Sess02_FB028
3148,S25_Sess02_FB029
3149,S25_Sess02_FB030
3150,S25_Sess02_FB031
3151,S25_Sess02_FB032
3152,S25_Sess02_FB033
3153,S25_Sess02_FB034
3154,S25_Sess02_FB035
3155,S25_Sess02_FB036
3156,S25_Sess02_FB037
3157,S25_Sess02_FB038
3158,S25_Sess02_FB039
3159,S25_Sess02_FB040
3160,S25_Sess02_FB041
3161,S25_Sess02_FB042
3162,S25_Sess02_FB043
3163,S25_Sess02_FB044
3164,S25_Sess02_FB045
3165,S25_Sess02_FB046
3166,S25_Sess02_FB047
3167,S25_Sess02_FB048
3168,S25_Sess02_FB049
3169,S25_Sess02_FB050
3170,S25_Sess02_FB051
3171,S25_Sess02_FB052
3172,S25_Sess02_FB053
3173,S25_Sess02_FB054
3174,S25_Sess02_FB055
3175,S25_Sess02_FB056
3176,S25_Sess02_FB057
3177,S25_Sess02_FB058
3178,S25_Sess02_FB059
3179,S25_Sess02_FB060
3180,S25_Sess03_FB001
3181,S25_Sess03_FB002
3182,S25_Sess03_FB003
3183,S25_Sess03_FB004
3184,S25_Sess03_FB005
3185,S25_Sess03_FB006
3186,S25_Sess03_FB007
3187,S25_Sess03_FB008
3188,S25_Sess03_FB009
3189,S25_Sess03_FB010
3190,S25_Sess03_FB011
3191,S25_Sess03_FB012
3192,S25_Sess03_FB013
3193,S25_Sess03_FB014
3194,S25_Sess03_FB015
3195,S25_Sess03_FB016
3196,S25_Sess03_FB017
3197,S25_Sess03_FB018
3198,S25_Sess03_FB019
3199,S25_Sess03_FB020
3200,S25_Sess03_FB021
3201,S25_Sess03_FB022
3202,S25_Sess03_FB023
3203,S25_Sess03_FB024
3204,S25_Sess03_FB025
3205,S25_Sess03_FB026
3206,S25_Sess03_FB027
3207,S25_Sess03_FB028
3208,S25_Sess03_FB029
3209,S25_Sess03_FB030
3210,S25_Sess03_FB031
3211,S25_Sess03_FB032
3212,S25_Sess03_FB033
3213,S25_Sess03_FB034
3214,S25_Sess03_FB035
3215,S25_Sess03_FB036
3216,S25_Sess03_FB037
3217,S25_Sess03_FB038
3218,S25_Sess03_FB039
3219,S25_Sess03_FB040
3220,S25_Sess03_FB041
3221,S25_Sess03_FB042
3222,S25_Sess03_FB043
3223,S25_Sess03_FB044
3224,S25_Sess03_FB045
3225,S25_Sess03_FB046
3226,S25_Sess03_FB047
3227,S25_Sess03_FB048
3228,S25_Sess03_FB049
3229,S25_Sess03_FB050
3230,S25_Sess03_FB051
3231,S25_Sess03_FB052
3232,S25_Sess03_FB053
3233,S25_Sess03_FB054
3234,S25_Sess03_FB055
3235,S25_Sess03_FB056
3236,S25_Sess03_FB057
3237,S25_Sess03_FB058
3238,S25_Sess03_FB059
3239,S25_Sess03_FB060
3240,S25_Sess04_FB001
3241,S25_Sess04_FB002
3242,S25_Sess04_FB003
3243,S25_Sess04_FB004
3244,S25_Sess04_FB005
3245,S25_Sess04_FB006
3246,S25_Sess04_FB007
3247,S25_Sess04_FB008
3248,S25_Sess04_FB009
3249,S25_Sess04_FB010
3250,S25_Sess04_FB011
3251,S25_Sess04_FB012
3252,S25_Sess04_FB013
3253,S25_Sess04_FB014
3254,S25_Sess04_FB015
3255,S25_Sess04_FB016
3256,S25_Sess04_FB017
3257,S25_Sess04_FB018
3258,S25_Sess04_FB019
3259,S25_Sess04_FB020
3260,S25_Sess04_FB021
3261,S25_Sess04_FB022
3262,S25_Sess04_FB023
3263,S25_Sess04_FB024
3264,S25_Sess04_FB025
3265,S25_Sess04_FB026
3266,S25_Sess04_FB027
3267,S25_Sess04_FB028
3268,S25_Sess04_FB029
3269,S25_Sess04_FB030
3270,S25_Sess04_FB031
3271,S25_Sess04_FB032
3272,S25_Sess04_FB033
3273,S25_Sess04_FB034
3274,S25_Sess04_FB035
3275,S25_Sess04_FB036
3276,S25_Sess04_FB037
3277,S25_Sess04_FB038
3278,S25_Sess04_FB039
3279,S25_Sess04_FB040
3280,S25_Sess04_FB041
3281,S25_Sess04_FB042
3282,S25_Sess04_FB043
3283,S25_Sess04_FB044
3284,S25_Sess04_FB045
3285,S25_Sess04_FB046
3286,S25_Sess04_FB047
3287,S25_Sess04_FB048
3288,S25_Sess04_FB049
3289,S25_Sess04_FB050
3290,S25_Sess04_FB051
3291,S25_Sess04_FB052
3292,S25_Sess04_FB053
3293,S25_Sess04_FB054
3294,S25_Sess04_FB055
3295,S25_Sess04_FB056
3296,S25_Sess04_FB057
3297,S25_Sess04_FB058
3298,S25_Sess04_FB059
3299,S25_Sess04_FB060
3300,S25_Sess05_FB001
3301,S25_Sess05_FB002
3302,S25_Sess05_FB003
3303,S25_Sess05_FB004
3304,S25_Sess05_FB005
3305,S25_Sess05_FB006
3306,S25_Sess05_FB007
3307,S25_Sess05_FB008
3308,S25_Sess05_FB009
3309,S25_Sess05_FB010
3310,S25_Sess05_FB011
3311,S25_Sess05_FB012
3312,S25_Sess05_FB013
3313,S25_Sess05_FB014
3314,S25_Sess05_FB015
3315,S25_Sess05_FB016
3316,S25_Sess05_FB017
3317,S25_Sess05_FB018
3318,S25_Sess05_FB019
3319,S25_Sess05_FB020
3320,S25_Sess05_FB021
3321,S25_Sess05_FB022
3322,S25_Sess05_FB023
3323,S25_Sess05_FB024
3324,S25_Sess05_FB025
3325,S25_Sess05_FB026
3326,S25_Sess05_FB027
3327,S25_Sess05_FB028
3328,S25_Sess05_FB029
3329,S25_Sess05_FB030
3330,S25_Sess05_FB031
3331,S25_Sess05_FB032
3332,S25_Sess05_FB033
3333,S25_Sess05_FB034
3334,S25_Sess05_FB035
3335,S25_Sess05_FB036
3336,S25_Sess05_FB037
3337,S25_Sess05_FB038
3338,S25_Sess05_FB039
3339,S25_Sess05_FB040
3340,S25_Sess05_FB041
3341,S25_Sess05_FB042
3342,S25_Sess05_FB043
3343,S25_Sess05_FB044
3344,S25_Sess05_FB045
3345,S25_Sess05_FB046
3346,S25_Sess05_FB047
3347,S25_Sess05_FB048
3348,S25_Sess05_FB049
3349,S25_Sess05_FB050
3350,S25_Sess05_FB051
3351,S25_Sess05_FB052
3352,S25_Sess05_FB053
3353,S25_Sess05_FB054
3354,S25_Sess05_FB055
3355,S25_Sess05_FB056
3356,S25_Sess05_FB057
3357,S25_Sess05_FB058
3358,S25_Sess05_FB059
3359,S25_Sess05_FB060
3360,S25_Sess05_FB061
3361,S25_Sess05_FB062
3362,S25_Sess05_FB063
3363,S25_Sess05_FB064
3364,S25_Sess05_FB065
3365,S25_Sess05_FB066
3366,S25_Sess05_FB067
3367,S25_Sess05_FB068
3368,S25_Sess05_FB069
3369,S25_Sess05_FB070
3370,S25_Sess05_FB071
3371,S25_Sess05_FB072
3372,S25_Sess05_FB073
3373,S25_Sess05_FB074
3374,S25_Sess05_FB075
3375,S25_Sess05_FB076
3376,S25_Sess05_FB077
3377,S25_Sess05_FB078
3378,S25_Sess05_FB079
3379,S25_Sess05_FB080
3380,S25_Sess05_FB081
3381,S25_Sess05_FB082
3382,S25_Sess05_FB083
3383,S25_Sess05_FB084
3384,S25_Sess05_FB085
3385,S25_Sess05_FB086
3386,S25_Sess05_FB087
3387,S25_Sess05_FB088
3388,S25_Sess05_FB089
3389,S25_Sess05_FB090
3390,S25_Sess05_FB091
3391,S25_Sess05_FB092
3392,S25_Sess05_FB093
3393,S25_Sess05_FB094
3394,S25_Sess05_FB095
3395,S25_Sess05_FB096
3396,S25_Sess05_FB097
3397,S25_Sess05_FB098
3398,S25_Sess05_FB099
3399,S25_Sess05_FB100
